Order_ID,Distance_km,Weather,Traffic_Level,Time_of_Day,Vehicle_Type,Preparation_Time_min,Courier_Experience_yrs,Delivery_Time_min,Delivery_Time_err
522,7.93,Windy,Low,Afternoon,Scooter,12.55936777518701,1.652347557952298,43.00540410643794,1.3115701141218177
738,16.42,Clear,Medium,Evening,Bike,20.397102924353025,2.827907488723923,84.4478475731353,1.837910199907877
741,9.52,Foggy,Low,Night,Scooter,28.746305326755763,1.3881036894287386,59.914568043115615,1.5480900237791808
661,7.44,Rainy,Medium,Afternoon,Scooter,5.996323976907986,1.3232174817151763,37.31099518229744,1.2216545368032232
412,19.03,Clear,Low,Morning,Bike,16.069901274847233,5.137802645753988,68.76594953414286,1.6585047426419122
679,19.4,Clear,Low,Evening,Scooter,8.761474593913494,9.147083007711249,57.61208683200907,1.5180525265221763
514,17.39,Clear,Medium,Evening,Scooter,5.402375369889244,6.361632737188986,46.27251968356793,1.3604781465877052
860,1.78,Snowy,Low,Evening,Car,20.201850476042633,6.701882641861114,35.56066337752918,1.1926552457022808
137,10.62,Foggy,Low,Evening,Scooter,29.42443488330836,1.604654248078665,73.06636409101156,1.7095773055467434
812,16.86,Snowy,Medium,Afternoon,Car,13.541007712705163,4.91090741767548,88.6002472864714,1.8825540872598738
77,15.54,Clear,Low,Night,Bike,29.41404221882962,1.0702790916773373,77.13840069629921,1.7565693916984804
637,10.89,Clear,High,Night,Bike,12.300234902774891,5.7325585577823865,53.91272975497068,1.4685057678466324
974,4.69,Rainy,Medium,Evening,Scooter,12.644715884944926,7.2457749050582665,36.27115767231756,1.204510816428272
900,2.17,Snowy,Low,Evening,Car,15.898790649421068,3.5493562535276335,35.77231658670564,1.1961992574267155
281,17.86,Rainy,Low,Afternoon,Bike,5.196312833173356,1.3440584539840243,50.70041483823668,1.4240844755594617
884,2.53,Snowy,Low,Morning,Bike,6.186858026764488,8.332809107655736,24.373515350609743,0.9873908111909842
762,6.58,Foggy,Low,Evening,Car,6.6017141825943595,7.667072585940746,27.302816688717723,1.0450419453537303
320,5.38,Clear,Medium,Evening,Scooter,26.21117207151418,1.8409770271750725,47.23852711058799,1.374605792372315
550,15.56,Rainy,Low,Afternoon,Scooter,28.461742689468345,0.3370162142266503,72.47695594862661,1.7026679764255463
175,13.08,Rainy,Low,Morning,Car,16.847921535072285,4.14016629243075,58.4328931564624,1.5288282199967713
372,0.86,Clear,High,Afternoon,Bike,26.061350454962867,6.068434203309115,37.304990446975715,1.2215562278827072
528,5.83,Clear,High,Evening,Car,27.577102053674015,9.361479945481799,56.60242734444887,1.5046916939286783
236,14.59,Clear,Medium,Morning,Bike,15.300391240340003,6.451096496254497,64.31509005488958,1.603933789841583
102,12.91,Windy,Medium,Evening,Bike,11.601389783372609,6.224067459138401,57.136227356191114,1.5117701856590653
987,13.92,Snowy,Low,Morning,Scooter,18.56719405434693,4.481453310333532,70.15123705164316,1.6751267062720143
903,4.04,Snowy,Low,Night,Bike,11.795181257724632,9.88905879265166,70.50273287916427,1.6793181101764405
948,18.05,Clear,Medium,Evening,Scooter,10.280448750470162,7.781108587657894,123.90644623171019,2.2262654489679363
347,12.88,Clear,Medium,Morning,Scooter,8.941782333373872,5.23043502146596,52.567355087109725,1.4500669651724327
140,19.45,Rainy,High,Morning,Scooter,20.39106033992182,6.6514806182790505,108.61121884072672,2.084334127156457
622,4.58,Clear,High,Morning,Scooter,22.486428890897677,9.525607604322763,45.224352606184766,1.3449810795127903
500,19.73,Foggy,Medium,Evening,Bike,27.448724558325075,4.41024697782527,111.34000717756996,2.1103554883248457
371,2.47,Windy,Medium,Morning,Bike,27.737489333178395,2.9375190566953124,44.94035448359952,1.340751348813038
199,17.8,Snowy,Medium,Morning,Bike,16.45318222905583,9.109348086662141,73.49107927060979,1.7145387632901135
688,5.96,Clear,Medium,Afternoon,Bike,22.190317854555726,8.203144378365335,45.61528744466661,1.350781809837053
585,12.85,Windy,Medium,Afternoon,Scooter,18.54357823809408,7.102936385522376,61.55152022843546,1.5690955385627157
902,1.02,Clear,Medium,Afternoon,Bike,25.3560387050797,4.11509595866951,34.875319017356446,1.181106583122056
60,6.84,Rainy,Medium,Night,Car,14.385846627666389,8.375984123367736,47.98995168352627,1.3854956035083803
329,8.68,Rainy,Medium,Morning,Bike,8.121878847597689,5.860725663116673,52.42012709106075,1.4480349041519789
97,10.69,Clear,Medium,Night,Bike,25.52205828443365,9.47922730922225,67.57289465406863,1.6440546785805958
975,1.11,Clear,Low,Morning,Bike,5.520536066576253,6.800641861681193,8.601983880787557,0.5865827778169951
300,2.16,Snowy,Low,Evening,Scooter,15.827378304714081,0.8265318864782469,36.361487509533525,1.2060097430706525
278,13.17,Windy,Medium,Afternoon,Bike,16.651847027148108,5.11804563462962,67.60521411771327,1.644447799326124
925,8.79,Snowy,Low,Night,Bike,14.55627086676408,6.918681663957224,44.099636964525274,1.3281511505024612
602,5.93,Clear,Low,Afternoon,Scooter,19.609140381806075,3.3488204896784124,36.32745372309928,1.2054452077651525
440,2.09,Rainy,Low,Night,Bike,23.597471886781875,2.2388666665913615,36.53232790696037,1.2088395742522724
838,7.57,Clear,Low,Morning,Bike,21.13080399727142,0.849386567094794,56.648697892406545,1.5053065852829655
571,10.52,Rainy,Medium,Afternoon,Scooter,8.281744871382301,4.152748210878372,56.78629377683371,1.507133620842342
880,4.83,Rainy,Low,Morning,Car,25.439656784226827,9.000010775232557,47.421517785315,1.377265664791147
262,19.81,Snowy,Medium,Afternoon,Car,20.096592303978788,5.161067142520331,104.4272192617273,2.0437927415638533
579,10.1,Rainy,Low,Evening,Car,8.560220384958924,5.0393998040416355,50.03773020594226,1.4147470474391142
24,7.64,Windy,Low,Afternoon,Car,10.676183289436912,8.248911094242604,31.928003854446416,1.1300974091545635
31,12.35,Clear,Low,Morning,Scooter,11.047726222053695,6.499892217415315,35.18770847937851,1.186384566308556
618,5.9,Rainy,Low,Evening,Car,26.609864311500043,9.412033428708613,44.07099970441303,1.3277198455158081
11,0.9,Clear,Low,Afternoon,Bike,20.646276678928082,8.688084893417052,23.776522608848396,0.9752235150743321
222,11.58,Clear,Medium,Morning,Scooter,16.627143430173792,2.248765244468001,61.80362292171803,1.572305605430675
821,16.16,Clear,High,Afternoon,Bike,11.975223691823725,1.5389159939306387,82.42185332623662,1.8157296420583835
297,15.51,Clear,Low,Evening,Bike,17.80030597237337,9.952597345753913,69.69854991433209,1.6697131479907812
55,12.16,Windy,High,Evening,Scooter,11.072797114649314,1.0475027598758124,69.74350574676252,1.6702515468846304
543,4.96,Rainy,High,Morning,Bike,21.221224611165532,0.44010600613996054,60.73934345836313,1.5587089973226322
210,3.64,Windy,High,Evening,Bike,17.00055313668462,6.683732713810801,40.46389658076387,1.2722247691467712
605,2.85,Clear,Low,Morning,Scooter,26.906957062108958,0.28189852594190573,38.453851699130865,1.2402233943791074
693,10.4,Clear,Low,Evening,Bike,16.84153656478299,4.219077617157129,52.53684047059297,1.4496460322519145
663,12.31,Windy,Low,Morning,Bike,30.013247722008742,4.231439599874946,68.42397300655821,1.6543756889722265
867,3.53,Clear,Medium,Afternoon,Bike,13.31692148373706,7.451107579278702,31.63737441122606,1.1249422102708397
71,15.56,Clear,Medium,Evening,Bike,14.445013158098872,3.3450128047196173,54.31593888049976,1.4739869589721581
544,13.6,Clear,Medium,Afternoon,Bike,27.531795011316415,0.6985776705356814,87.26507933659227,1.868315597928704
108,15.23,Snowy,High,Morning,Bike,5.4491625821347665,0.8377593528489288,62.49918344557062,1.5811285013631324
591,3.21,Rainy,High,Night,Scooter,16.360663161450994,0.8756840141288232,42.000676451333725,1.2961585775102324
742,6.38,Snowy,Low,Evening,Bike,16.492363572817617,1.991614482678561,111.76494149330978,2.114378788139058
293,16.54,Rainy,Low,Afternoon,Scooter,6.682479255648326,7.5323854656752145,51.55231778575825,1.4359988549543938
290,12.02,Clear,Low,Morning,Car,9.431605002546112,7.31140730583184,42.15231900455526,1.2984963458486167
653,11.94,Clear,Low,Evening,Bike,20.8602699447702,3.476932403912879,69.54586392134671,1.6678832563623478
40,9.08,Clear,Low,Afternoon,Scooter,14.298749223205704,5.389178111576858,49.74472549183288,1.410598815990328
590,3.46,Snowy,Medium,Morning,Scooter,23.36304132613716,3.368081519100142,48.200326885603296,1.3885291049971304
308,6.8,Foggy,Medium,Morning,Scooter,13.677347483451626,7.021617189270307,46.12693999142143,1.358336335248696
680,17.38,Rainy,Medium,Afternoon,Scooter,11.931254172495064,2.707529107598263,92.521517522422,1.9237621217023897
67,3.25,Clear,Low,Morning,Bike,23.67646767829277,7.012908683945632,32.31624259300168,1.136947537804655
276,10.28,Clear,Medium,Evening,Scooter,29.673881436116062,3.4760572578875277,71.00740597014368,1.6853178450386583
68,16.14,Clear,Low,Night,Car,6.280843439304823,9.004861183614183,65.32296735537916,1.6164525029258259
319,3.55,Clear,Medium,Evening,Bike,23.6384230274054,0.35561694379992054,44.05505185490947,1.327479594644068
999,19.03,Clear,Low,Afternoon,Car,26.358006038354567,5.496981840907986,68.00210406769929,1.649267765618419
715,7.3,Clear,Low,Night,Scooter,14.752828518405607,7.528040974225464,28.087192455840423,1.0599470261449941
754,7.03,Clear,Low,Evening,Scooter,21.007954298289405,1.2542621339193203,44.95791229001814,1.3410132331937392
328,12.43,Snowy,Low,Afternoon,Car,13.010692902106053,0.3310453001024206,70.54655307537583,1.6798399099363703
452,11.39,Rainy,High,Evening,Scooter,14.220385199124324,1.398974511020107,72.2402263490923,1.6998850119827786
523,19.41,Clear,Low,Morning,Car,8.01165842645679,3.5169687810756582,48.99515201901853,1.3999307414157107
219,13.17,Rainy,High,Evening,Scooter,17.434921954044782,8.401510747307167,69.61901252912385,1.6687601688573928
788,8.32,Rainy,Low,Afternoon,Car,12.233679372676486,2.498549788530663,49.26087386643756,1.4037218223912822
765,1.15,Clear,Low,Afternoon,Scooter,26.625024619612496,4.740015656086175,30.19569593383212,1.0990122098290287
89,17.8,Windy,High,Afternoon,Car,12.455106957418476,9.988833950303945,73.46432296875604,1.7142266240932795
64,7.46,Clear,Medium,Evening,Bike,8.397360542384476,5.38302100545995,42.972761926045685,1.3110722623264621
827,7.25,Clear,Medium,Afternoon,Scooter,18.646375055956415,4.603251298193169,45.14352432156695,1.343778617504639
717,16.7,Clear,Medium,Afternoon,Scooter,28.733893272129535,1.0699312260504987,76.88966352703557,1.7537350259036921
352,17.2,Rainy,High,Afternoon,Scooter,15.13753496476236,2.377942340841331,94.42470401713233,1.943447493678513
937,0.86,Clear,Medium,Afternoon,Car,21.247980064629292,7.6119250052489305,28.410575685233887,1.0660314382837663
257,18.76,Clear,Medium,Evening,Car,15.500337460175123,2.432433543643364,80.73419484525007,1.797044182486898
636,9.22,Clear,Medium,Afternoon,Car,18.79196344955078,9.614944765197306,57.917828423561204,1.522075273086863
645,2.84,Clear,Low,Evening,Scooter,25.255171674123353,2.8862731992425497,35.7265494438512,1.1954338031668872
555,17.59,Clear,Low,Morning,Bike,24.64633749350866,6.609478626774797,70.16423640192359,1.6752819034648896
960,14.89,Snowy,High,Morning,Scooter,17.79359270139213,6.354181341630058,87.58054300306357,1.8716895362539543
169,1.3,Clear,Medium,Evening,Bike,23.322953371222873,4.109105611921211,31.317359836469134,1.1192383095028358
918,18.99,Rainy,High,Afternoon,Bike,10.430245762829145,6.577562704522173,70.40168662118126,1.6781142585793287
824,8.26,Snowy,Low,Afternoon,Bike,15.72560529760167,1.713636925977591,57.50387781602344,1.5166262270714357
986,10.16,Clear,High,Night,Bike,12.58703813129997,5.639414852300315,52.207163616033185,1.4450904970420806
87,14.73,Rainy,Low,Afternoon,Bike,25.046250555284086,6.363668145080488,74.5302592966514,1.7266181893707875
433,12.56,Clear,High,Evening,Bike,17.327216219161574,5.098581067683568,69.72219193361806,1.669996310578177
185,5.53,Clear,Medium,Afternoon,Bike,20.197200023681045,1.8358927038854898,44.26388688812549,1.3306222136748733
979,10.18,Foggy,Medium,Morning,Bike,25.28546283229205,3.237406925367698,73.43342426647206,1.7138660888934358
535,15.5,Clear,Medium,Morning,Scooter,28.59538306694151,9.44183722600396,91.51604354032519,1.9132803614768557
893,16.69,Foggy,Medium,Evening,Scooter,8.950505840567992,2.6214103529273443,65.1307717972069,1.6140727591680237
426,11.22,Windy,High,Evening,Bike,25.395774427129556,5.030459694085897,79.78028315665615,1.7863961840158096
714,8.53,Clear,Low,Evening,Scooter,8.719375907058533,2.4213730862683285,41.12208137441529,1.2825300210820063
261,12.49,Clear,Medium,Morning,Bike,25.575566991963758,4.999108161170849,77.02265258180206,1.7552510086230069
238,0.97,Clear,Low,Night,Scooter,24.28128761717934,8.920428542151514,26.918562390838396,1.0376620334355189
560,12.6,Windy,Medium,Afternoon,Car,8.783696616345177,6.092756851619939,58.27776348454312,1.5267974781816105
584,6.91,Clear,Medium,Evening,Scooter,29.25614991802755,9.738071194389454,56.19332767097181,1.4992441785242565
446,18.97,Clear,Low,Evening,Car,25.293232520954607,4.730929334757357,141.89010729177934,2.382352679951307
801,14.29,Windy,Medium,Morning,Bike,14.395723941001235,8.002895453598429,79.06127725814567,1.7783281728426357
600,1.3,Foggy,Low,Evening,Bike,20.091570229546925,5.593669482484287,29.449947783101326,1.085356121889978
850,12.11,Rainy,Low,Morning,Bike,9.511599916652159,5.4905160494862715,59.4829905674323,1.542504334741816
266,14.94,Clear,Medium,Morning,Bike,11.784107820481651,1.3479781457990585,63.36803746054796,1.592080870565914
996,2.29,Rainy,High,Afternoon,Car,8.878675782880565,8.684503294146428,80.86828860382262,1.7985359446374447
530,17.36,Rainy,High,Afternoon,Bike,24.565591088269585,1.5577384793615336,105.28864402092107,2.0522050971666657
56,18.48,Clear,Medium,Night,Bike,8.419422318548754,1.153141268248613,82.4725099295117,1.8162875315270068
121,16.25,Foggy,High,Morning,Bike,10.070479162306029,6.011181721482623,91.77463529413872,1.9159815791822083
216,5.13,Clear,Low,Morning,Car,15.222088127778612,4.416185647346077,30.234908489465045,1.0997255746678813
73,0.61,Clear,Low,Afternoon,Scooter,11.163358375843073,1.047828393280118,16.25091843206706,0.8062485580034748
45,5.55,Foggy,High,Evening,Bike,18.68629715915046,1.467010594197621,116.13292342950774,2.1552997325616476
722,4.03,Clear,Medium,Evening,Bike,9.367885822694204,5.5086862567941335,25.832260531560507,1.0165089381124106
282,7.09,Snowy,Low,Morning,Scooter,13.330205019946584,8.920920942924088,37.48936475353203,1.224571186228584
894,8.25,Clear,Medium,Afternoon,Bike,7.447394979617227,9.949191930654862,28.64226604927392,1.07036939510197
915,11.26,Clear,Low,Night,Bike,5.850239581879899,6.3916101445327955,49.5343759026458,1.4076132409528663
811,19.7,Rainy,Low,Evening,Bike,10.554096312023455,2.719836115916105,61.09271110969379,1.5632365286122738
245,0.8,Snowy,High,Evening,Bike,14.526481099020694,9.595467631479515,36.31771249353387,1.2052835764837067
823,7.0,Rainy,Medium,Evening,Bike,17.25519782239623,9.613154134747727,49.17779848936747,1.402537678486642
322,14.43,Clear,Medium,Morning,Car,14.869576729242818,4.125261156648926,113.67260307257304,2.1323470925022785
644,6.89,Rainy,Medium,Afternoon,Bike,11.565469031930686,6.388453391282912,43.50228798831974,1.3191252857605262
159,5.13,Foggy,Medium,Evening,Car,25.818154934311824,1.8985966749988306,60.45573444045288,1.5550657148873535
978,1.5,Clear,Low,Afternoon,Bike,10.774527368077774,1.4085605779215118,17.014786850763308,0.8249796809804059
942,11.31,Clear,Medium,Evening,Bike,7.162762007638423,0.5822706053363768,54.501786868342116,1.4765065102239423
463,15.05,Clear,Medium,Evening,Car,12.120803200816239,2.8489680400671227,66.86993967185354,1.6354808427108347
310,5.78,Foggy,Low,Afternoon,Scooter,9.470049874231604,9.448538536847487,33.562621199950094,1.1586651146893152
698,11.83,Clear,Low,Evening,Scooter,9.367049418355665,7.4422213946159115,32.881193216262524,1.1468425038559136
61,8.08,Foggy,Low,Morning,Bike,25.633761177497806,2.5368613677673997,61.624748354400126,1.5700286411960787
885,16.1,Clear,Low,Evening,Bike,25.00230215460902,0.22660750300931348,64.34157903042933,1.6042640559512558
596,9.74,Rainy,Medium,Evening,Scooter,7.365130534991671,8.218313860686056,37.0395557110691,1.217202624234258
768,17.6,Clear,Low,Afternoon,Bike,27.65673868766917,3.1312217290618367,69.48927250589259,1.6672045166192728
650,10.22,Snowy,Medium,Night,Bike,18.390670075400052,1.51374058185184,68.79119402481824,1.6588091394107793
651,2.19,Clear,Low,Evening,Bike,26.659059568137604,3.412143306063983,32.65222657264876,1.1428425363565842
866,11.41,Windy,Medium,Afternoon,Scooter,17.214196879601772,4.534324680782112,68.58096544590988,1.6562725071184379
669,4.14,Clear,Medium,Morning,Scooter,14.230010133566234,2.1939275558551423,30.67866258539405,1.107766448045689
299,12.65,Rainy,Low,Afternoon,Bike,19.01190062921589,8.656724681339135,60.230051570808094,1.552160450092813
311,9.06,Clear,Medium,Evening,Bike,23.6458009049237,4.155604009427204,47.88340094453733,1.3839566603696423
362,13.04,Clear,Medium,Morning,Scooter,20.06192991597966,6.464298601857676,65.21827228642624,1.6151566151482184
480,10.7,Clear,Medium,Afternoon,Scooter,8.632299752581966,5.347890397205936,44.98934508064689,1.3414819429369431
111,6.15,Foggy,Low,Evening,Scooter,26.113840067103247,5.7121810585540755,48.222753811223114,1.3888520988387947
990,16.47,Snowy,High,Evening,Scooter,20.339039071438116,9.387592462594538,75.70266460373283,1.7401455640690848
487,1.39,Clear,Medium,Afternoon,Bike,15.205006780149265,4.185840678264493,24.831340027275377,0.9966210920359929
364,11.14,Rainy,Medium,Morning,Scooter,7.139175170712466,3.8836847025256938,47.10366593212519,1.3726422102226814
255,3.81,Rainy,High,Afternoon,Bike,5.15376644333266,6.586082246940408,31.208497933792653,1.1172913305632093
260,2.39,Rainy,Medium,Evening,Bike,27.330155721329305,7.545344123690748,43.46917668787153,1.3186231711580307
803,11.74,Clear,High,Evening,Car,6.834676891510626,3.4405840468182576,54.06092943096617,1.470522756450456
495,9.54,Rainy,Medium,Evening,Scooter,11.718843340229412,5.807318650073066,47.57947105748933,1.3795574806073045
671,3.88,Clear,Medium,Morning,Bike,16.641292220761635,2.745574680393085,36.21070587056032,1.2035066409548445
378,0.95,Rainy,Medium,Morning,Car,27.42671804579387,1.03233301016191,44.16910932269024,1.3291968901963358
527,8.59,Clear,Low,Night,Scooter,17.893027268462593,8.96735547497197,36.63417990651142,1.2105235215643093
846,8.59,Clear,Low,Evening,Bike,22.210193975378164,2.3926994947683378,43.88751521601801,1.3249530590329306
356,13.03,Foggy,Low,Morning,Scooter,9.796107129508718,1.4918983073436571,50.47137028117575,1.4208641072414456
366,8.03,Clear,Low,Evening,Scooter,14.626229922747786,8.640946329641364,42.574902656573336,1.3049889295557007
943,13.2,Snowy,Low,Morning,Car,14.753971811658571,3.1932257219397475,62.52581110279372,1.5814652838781347
750,12.67,Clear,Medium,Evening,Car,10.4560000259694,3.2944764666435944,66.03172844412818,1.6251981841502063
830,9.32,Clear,Low,Morning,Scooter,6.306133980539216,6.078403019360115,30.588852217640593,1.1061437920567216
657,6.03,Rainy,High,Afternoon,Car,8.460115423424943,6.003005036552878,46.55708793003292,1.3646550909300552
200,15.71,Clear,Low,Afternoon,Scooter,28.930003424499105,5.507739798848885,69.42651608073372,1.6664515124147325
214,4.87,Snowy,High,Evening,Bike,16.690061078330523,7.059152682823165,54.005959326919445,1.4697749396002022
409,18.15,Rainy,High,Morning,Bike,22.321961916540083,7.554986564266735,108.20449360444083,2.0804277791304444
333,0.78,Clear,Medium,Morning,Bike,6.0120642417273364,1.524593038712207,17.907133961679783,0.8463364333804798
209,0.6,Clear,Low,Afternoon,Bike,26.899686563125005,3.2963604107414035,31.03918825822772,1.1142564921637697
614,2.09,Clear,Medium,Evening,Bike,5.757214765641051,6.092678021852825,16.671540601253334,0.8166159587285405
30,1.41,Foggy,Medium,Evening,Bike,15.84522586940158,0.7502919044470181,72.14571862382088,1.6987727172735132
536,18.92,Clear,High,Morning,Scooter,27.334769874952162,4.302298852493789,100.62243959006531,2.0062147401518646
696,12.41,Clear,Medium,Morning,Car,10.453706198705179,1.2295921351185584,51.35057786361753,1.433186350250623
837,18.34,Clear,High,Night,Bike,9.09533689063079,4.765980207520312,92.4134991628302,1.9226388029250865
597,13.52,Clear,Low,Morning,Scooter,27.41327232159683,1.0972404930465354,82.2118699047713,1.8134152299434492
166,16.79,Foggy,High,Afternoon,Bike,24.54322360229084,6.61152308834872,85.25220566418118,1.8466424197898323
919,15.39,Clear,Medium,Evening,Scooter,24.40744239654377,5.535218866334143,89.07591133960514,1.8876007134943042
496,7.39,Rainy,Medium,Morning,Scooter,25.174283227270436,6.522654856894746,60.36397797523437,1.5538851691838027
825,10.98,Rainy,Low,Morning,Scooter,10.127461318974653,6.376058961894549,55.3119947616674,1.4874406846885346
66,11.08,Snowy,Medium,Morning,Bike,9.696672334861713,0.9237478539866241,57.64209914806748,1.5184478805420685
142,5.41,Clear,Medium,Night,Bike,14.785745720736777,5.617139278822563,36.335486633793316,1.2055784774753293
926,0.94,Clear,High,Morning,Bike,9.558741045611855,6.506683224155367,21.525213403940594,0.927905456475833
828,7.27,Windy,Low,Afternoon,Bike,11.174211011417075,5.403734469781249,35.874224691072506,1.1979019106934008
656,2.99,Windy,Medium,Morning,Bike,27.05811145716654,5.273653993759963,41.022040213565106,1.280969011546573
332,15.28,Snowy,Low,Evening,Bike,17.165315817841062,5.327355491859341,72.34666617878362,1.7011368690235789
665,2.48,Windy,Medium,Afternoon,Car,14.81418290268635,6.944101378435693,27.50411168505009,1.0488872519970884
250,17.13,Rainy,Low,Evening,Car,19.264719892511195,1.43627129588986,71.68968282870048,1.6933952028832548
908,7.17,Clear,Low,Afternoon,Bike,15.325040683310812,7.21897965906305,32.197064353402,1.1348491415761304
709,5.47,Rainy,Low,Morning,Car,21.831434074065093,6.488950747937816,38.92219874719395,1.2477531606402599
306,19.53,Foggy,Low,Afternoon,Bike,11.163018387919276,6.098302264547906,88.10503564011682,1.8772856537044842
735,7.5,Clear,High,Morning,Bike,29.017857250737517,1.8376130196259433,66.84046737191625,1.6351203915542887
976,5.61,Windy,Low,Night,Bike,25.8596322653929,9.77493442106362,48.47858317985483,1.392531266146004
50,4.1,Clear,Low,Morning,Bike,21.123698321644323,3.212047776161642,37.76592170625239,1.229079683442085
897,6.22,Rainy,Medium,Morning,Bike,15.071921866917608,0.06678314695556879,49.49676363022138,1.4070787274381116
545,12.55,Windy,Low,Evening,Bike,13.58199724334518,8.712154069248411,52.170234832203455,1.4445793136024543
351,10.31,Foggy,Medium,Morning,Scooter,19.448439286260715,5.162640967095152,62.768260378046996,1.584528451976133
905,8.72,Snowy,Medium,Evening,Car,18.28176268956416,7.438652381036896,64.1118436064792,1.6013974348234634
537,17.07,Clear,Medium,Morning,Bike,20.69384058489876,6.462141559496435,73.0518424312763,1.7094074111372786
482,14.07,Clear,High,Afternoon,Bike,5.380444485698244,8.801848987438039,67.70769254541376,1.645693684078708
576,19.02,Clear,Medium,Afternoon,Bike,30.421071976360526,9.48527225214484,87.2242164238948,1.8678781161938252
34,19.0,Clear,High,Morning,Car,28.337047892971153,3.52586077928734,96.37822646592555,1.963448257183525
32,3.83,Rainy,Medium,Afternoon,Bike,12.005615280855448,9.591318769149028,30.70476325873705,1.1082375784774139
232,10.3,Clear,Low,Evening,Scooter,20.00595342957044,8.33321273355264,48.0460434022658,1.3863050660264618
964,8.09,Clear,High,Afternoon,Scooter,16.261395903041283,5.2122959927427095,51.34880241298189,1.4331615737659433
193,18.06,Clear,Medium,Night,Bike,9.009807112599102,8.603513990909542,52.329167603329296,1.4467780424561232
334,2.76,Windy,Medium,Morning,Scooter,8.633033641487964,5.62835733912648,22.706315766285908,0.9530228909377971
4,12.17,Snowy,Low,Evening,Bike,20.455102494760407,8.527513273599359,68.00542214210614,1.6493080020676083
205,12.33,Clear,Medium,Evening,Bike,22.098554706836403,9.261749736479045,75.23450575846068,1.7347565334473964
515,1.38,Clear,Medium,Evening,Scooter,5.531590661346367,8.490615328028767,13.896583955010012,0.7455624441992774
800,18.49,Clear,Low,Afternoon,Scooter,14.097982829018832,7.122343337891399,71.40612279630128,1.6900428727852
307,10.57,Snowy,Low,Afternoon,Bike,28.68891358318564,9.114635683737912,59.187316844569494,1.5386658746403588
110,2.0,Clear,High,Evening,Scooter,10.594220942072832,2.141728970407988,30.824536685763746,1.1103969864109637
431,3.29,Clear,Medium,Afternoon,Scooter,17.995220849553917,4.370920466033464,32.81599038419491,1.1457048552606366
78,1.94,Rainy,Medium,Morning,Bike,16.341870748586516,0.23881129810564025,35.65120377133821,1.1941725800124237
287,9.58,Clear,High,Afternoon,Car,26.829124847536605,8.434260005287788,60.68477173507926,1.5580086230195167
83,6.95,Clear,Medium,Morning,Scooter,25.35697744742313,2.090279303903857,58.068463535919,1.5240533263100606
992,14.05,Clear,High,Morning,Scooter,19.672220132837314,0.32611940912651843,72.49821920042677,1.7029177220338836
790,18.97,Rainy,High,Night,Bike,20.760754640767917,8.344410521420828,108.99147420189443,2.087979637849895
895,13.53,Rainy,Low,Evening,Bike,28.829750908294393,8.392044233100403,78.62921939892183,1.7734623694786629
399,15.14,Rainy,Medium,Morning,Bike,8.518762946992682,6.1864361526284375,66.09907415253012,1.6260267421236358
324,5.96,Clear,Low,Afternoon,Bike,26.162544958896326,6.255074769633765,48.217478840896455,1.3887761351765295
520,3.43,Windy,Medium,Morning,Bike,7.425921525871598,6.30832766880377,23.508854985073178,0.969718618673957
923,17.94,Rainy,High,Evening,Scooter,22.80281017351711,6.606774979437525,85.87956234691262,1.8534245314758584
6,3.54,Rainy,Medium,Evening,Bike,10.4285370605094,5.647411324630263,32.978200375354014,1.1485329838599154
466,7.81,Clear,Low,Evening,Bike,11.314905544086029,4.257441921323342,42.01926422940464,1.2964453591170688
267,14.09,Clear,Medium,Afternoon,Scooter,12.152430048401131,3.637203399453787,55.20979591377191,1.4860658923987444
358,11.92,Clear,Low,Afternoon,Scooter,14.41472823061499,4.269178774511076,46.27612552975266,1.3605311540681848
869,17.3,Clear,Low,Evening,Scooter,9.210669768329584,0.7451811494539238,67.50391494950664,1.6432153230725015
799,14.08,Clear,High,Morning,Bike,28.205542296908863,6.8138225062762565,66.1046348459696,1.6260951367736096
381,2.8,Clear,High,Afternoon,Bike,28.36832822412605,1.7716037329563479,50.464543525790724,1.4207680109826617
382,14.09,Clear,High,Afternoon,Bike,12.120925742565136,6.288951930092948,67.20533914618191,1.6395772521742538
491,9.39,Clear,Low,Morning,Bike,14.721179645675123,2.340411512008423,37.69347786550104,1.2279002869207425
901,4.55,Rainy,Low,Afternoon,Bike,5.3494455250361135,6.476712788820781,21.750157598707016,0.9327412845737455
251,6.24,Snowy,Low,Afternoon,Bike,20.161913461291984,4.945777817804999,51.51207275586462,1.435438229334368
524,16.92,Clear,Low,Morning,Scooter,29.55064407800809,0.40985694658089983,70.56978710727613,1.6801165091418646
10,14.31,Clear,Medium,Morning,Bike,9.180827375601446,8.271845292373945,47.91465383564761,1.3844082322154492
604,2.23,Clear,Low,Morning,Bike,7.7646485637046485,6.99830537488725,14.137465945410426,0.7519964347099108
82,12.65,Clear,Low,Evening,Bike,15.30682800857418,4.412663175334038,66.99359110186462,1.6369922553496048
784,7.24,Rainy,Medium,Evening,Bike,28.085976088435174,6.054513583465123,65.39188404963603,1.6173049687629857
588,3.01,Clear,Medium,Evening,Bike,14.575935008797721,4.850252845206208,26.590196927008417,1.0313136657100674
240,3.95,Clear,Low,Afternoon,Bike,13.771841690391831,6.212934464841176,26.131601832877845,1.0223815693346168
291,1.09,Clear,Medium,Morning,Scooter,6.264152661720425,2.7102803155595483,17.246764709485607,0.8305844859973153
212,13.99,Clear,High,Evening,Scooter,8.183199901669028,3.254932753957678,96.36963796410411,1.9633607713724357
718,19.32,Rainy,High,Morning,Car,21.44023552035906,7.640352199791307,112.33105645765978,2.1197269301271784
360,11.72,Rainy,Low,Evening,Bike,11.417912098155625,9.601664342591134,42.66326458950928,1.306342444989204
450,2.13,Rainy,Low,Morning,Scooter,9.414342241845892,2.7244792897109904,22.659399104621087,0.952037795565304
228,8.17,Clear,Medium,Afternoon,Scooter,20.625760494272164,9.62390471603337,44.24689511764463,1.3303667932964147
951,12.21,Clear,High,Morning,Bike,9.054533390268174,4.594422844343728,57.240832018351924,1.5131534227348122
947,3.17,Clear,Medium,Evening,Scooter,17.895237778474876,6.116508404023984,33.6423889682697,1.1600411883768558
797,18.68,Snowy,Low,Afternoon,Bike,11.339874717933492,8.154239937178165,62.59861629703004,1.5823857468649045
502,10.95,Clear,Medium,Evening,Scooter,24.19210371898411,4.056183720882359,55.75203672542363,1.4933457299021367
465,19.26,Windy,Medium,Morning,Scooter,21.970887141679366,7.194052050847369,67.08880118294036,1.6381550742581164
469,4.86,Foggy,Medium,Evening,Car,25.83439518673859,4.375595404028347,52.25290127250759,1.4457233659660842
936,5.81,Foggy,Low,Afternoon,Bike,25.812663666868367,8.704905833172528,51.11715100959871,1.4299251869884482
429,7.34,Rainy,Low,Evening,Bike,22.249601908374203,8.782660652471455,47.82593763916127,1.383125990489099
8,17.39,Foggy,Medium,Morning,Bike,25.497437234149853,4.672729667116391,100.72660026298952,2.0072528516655743
156,5.22,Snowy,Low,Evening,Bike,11.785575418202145,9.394115795286348,40.82209290463343,1.2778433848423434
542,12.32,Clear,Medium,Evening,Scooter,17.120207167969692,4.514562211271478,71.21874440987149,1.6878239767211687
441,2.15,Windy,Medium,Afternoon,Car,17.051963110800077,6.629614072344949,30.500879297411643,1.1045520231734067
483,9.36,Rainy,High,Morning,Scooter,17.591289320877234,2.383697024017804,66.0042416583581,1.6248598912935
423,2.28,Clear,Medium,Evening,Scooter,27.373042027412403,9.545896837122784,39.828479993747656,1.2621961811659494
779,14.54,Clear,Medium,Evening,Bike,29.276261174029212,2.007436232693651,73.64766780570099,1.7163643879514745
950,12.15,Clear,High,Morning,Car,12.464443679181796,6.3659952452538455,63.41767108874107,1.5927042548915487
335,1.4,Windy,Low,Evening,Bike,9.251152591291646,9.607901609094151,17.615647766649033,0.8394199846715358
935,3.85,Rainy,Medium,Afternoon,Bike,26.401356435445756,3.6902771156649767,46.39494564141832,1.3622767067144372
595,17.99,Snowy,Low,Afternoon,Bike,15.084949811361799,3.0640663946858653,63.42896384661934,1.592846054665916
531,16.35,Clear,Medium,Morning,Bike,16.75400072628276,1.2019147659534266,66.5717041978998,1.6318296994220913
582,19.61,Clear,High,Evening,Bike,9.018221275735412,6.729070988976007,72.56983263364823,1.7037585818847487
708,16.29,Clear,Low,Morning,Bike,20.31035089840714,1.9338456814495004,72.66400683176242,1.7048637110544929
449,7.84,Windy,Low,Afternoon,Bike,6.179869511065744,4.408371497171106,28.766820905286263,1.0726941951047608
454,18.17,Rainy,Low,Afternoon,Car,13.372796099540146,0.3021840468579047,71.64931613795542,1.6929183812334891
353,13.34,Clear,Medium,Night,Bike,20.406197618249323,6.478853353948539,54.066450215567876,1.4705978405474134
729,4.43,Foggy,Low,Morning,Scooter,10.653028016830302,1.2452877044505972,63.8534528254413,1.5981671104792678
80,2.76,Windy,Medium,Night,Bike,6.700425078386216,2.1987693867870393,27.906388763481804,1.0565299572370261
149,1.5,Foggy,Medium,Evening,Scooter,15.372302825488253,4.963768051155593,32.49585448967575,1.140102705718669
303,11.04,Clear,Medium,Afternoon,Scooter,8.771330799034393,2.79248285693022,54.49523222239282,1.4764177216816767
507,18.26,Rainy,High,Night,Scooter,28.572455407239822,7.634720941588253,93.4943275281686,1.933849296384479
343,3.88,Foggy,Low,Evening,Car,27.471139533008145,9.066643068887142,42.33219392329019,1.3012639074882573
486,18.07,Clear,High,Afternoon,Scooter,5.108600006435853,2.8971290483017493,67.3006499116165,1.6407394663579773
712,12.11,Clear,Medium,Evening,Bike,28.066134627944944,0.13238081995067202,75.3454056518783,1.736034626980445
134,7.08,Clear,Medium,Afternoon,Scooter,5.598870029655733,8.145135043382016,27.291523328348834,1.044825790806273
704,3.12,Rainy,Low,Evening,Scooter,14.188955508937262,5.55208760193184,28.780389213086867,1.0729471415328318
312,2.03,Foggy,High,Evening,Car,14.082825466657347,4.66082308255616,36.24434191556481,1.2040654785444986
630,5.42,Clear,Low,Evening,Scooter,11.798907304885276,10.183324528989282,26.596944631918387,1.0314445139108237
1,7.8,Clear,Low,Evening,Scooter,23.31586174182419,5.671849385423984,52.588365009273794,1.4503567148708458
317,8.47,Rainy,Low,Afternoon,Scooter,19.04568365278816,1.0467191488889722,48.290861454682904,1.3898325288275981
707,6.79,Rainy,Low,Evening,Scooter,16.419502647767278,1.1131792398661242,39.20402217959979,1.2522623076592188
548,13.6,Rainy,Medium,Afternoon,Scooter,23.066724457920625,6.841175528808136,83.09713266041759,1.8231525735430658
873,13.06,Rainy,High,Morning,Bike,17.34436614511005,8.157459970761515,59.6007081308149,1.5440298977780826
533,19.93,Snowy,Low,Afternoon,Bike,6.364567080151728,6.385140057594874,59.95121362728264,1.5485633810378268
478,11.3,Snowy,Medium,Afternoon,Bike,15.173310413712729,8.27218821766935,70.95336747564114,1.6846764374875212
405,6.74,Rainy,Medium,Evening,Car,21.812545419977905,9.779591642136221,47.901924627220666,1.3842243261440057
173,10.49,Rainy,Low,Morning,Bike,28.913946019912515,9.232843870310166,66.42861023160943,1.6300749704428865
395,7.15,Clear,High,Night,Car,29.55353242381891,7.201729377408101,60.5146201003232,1.5558228703849704
421,15.94,Clear,Low,Evening,Bike,25.06906384244416,2.325201874348825,77.28817096990852,1.7582738236111977
553,11.26,Foggy,High,Afternoon,Bike,14.87140472850063,2.1270179735647323,70.31607414911372,1.677093606798544
904,11.87,Clear,Medium,Morning,Bike,10.726335947391584,6.079677951291248,44.59548062673765,1.3355969545748096
91,2.83,Windy,Medium,Afternoon,Scooter,14.554468339832862,6.470076543880226,28.26714057660553,1.063337022333099
940,11.74,Clear,Low,Afternoon,Car,20.287192193729997,1.8965041043451287,52.69198991938697,1.4517849691932614
182,2.71,Clear,Low,Morning,Scooter,6.274105685717177,1.174239491898791,20.510274195973942,0.905765404417147
275,10.47,Clear,High,Evening,Scooter,14.615736706261277,7.774643096283898,55.35551001934596,1.48802567208158
896,4.5,Snowy,High,Evening,Bike,24.484440649172836,0.38022967553660475,66.38367490841013,1.629523548874457
292,1.23,Clear,Low,Evening,Bike,18.074360534844963,6.631567849418007,21.664940103157942,0.930912242977993
132,4.83,Clear,Low,Evening,Bike,11.198482482338118,1.2169747163628255,29.04430790864164,1.0778554246027923
301,1.51,Clear,High,Afternoon,Bike,14.067996542028098,2.6648554745049093,32.99316543821773,1.1487935486973755
425,1.62,Windy,Low,Evening,Bike,9.368156758103495,8.196998151655412,16.66278300722652,0.8164014455456707
327,11.31,Clear,High,Evening,Bike,20.784277995661768,0.06028227497879639,67.5182918727933,1.6433902990196008
145,6.05,Clear,Medium,Morning,Car,24.458859568182636,0.8273441018765142,48.87984331268512,1.3982824222979438
424,10.14,Clear,Medium,Morning,Scooter,20.121564861675775,1.2934718150114177,59.536328062756745,1.5431957499002742
581,9.45,Clear,Low,Afternoon,Car,14.257106019103013,0.5242202482579835,49.826491152080536,1.4117576442446564
136,6.8,Clear,High,Evening,Bike,28.54018853610683,5.3041611246031835,55.34787749151873,1.4879230825754233
451,15.65,Clear,Low,Afternoon,Bike,27.2780363887456,0.03161976485675124,76.15991257173586,1.7453929365244478
165,2.26,Clear,Medium,Morning,Scooter,6.667365331039023,3.809655183925139,19.851506582826687,0.8911005910182461
29,12.05,Clear,Low,Evening,Scooter,30.227976971359556,4.331538964239107,61.07586409110201,1.5630209735138172
774,8.25,Windy,Medium,Evening,Car,24.040431846871172,4.7917495158599275,62.56268610251035,1.581931554808998
194,12.85,Rainy,Medium,Afternoon,Scooter,23.13746233558189,0.8664981014246084,80.40829162367928,1.7934134116112692
389,15.14,Windy,Medium,Morning,Bike,15.172019862353995,4.539989317622867,72.21152607694638,1.6995473053368817
853,4.59,Foggy,Low,Evening,Scooter,19.290281108730202,8.55453773659209,36.37036350104889,1.206156930105679
170,12.02,Clear,Low,Afternoon,Bike,26.354246533754658,0.6752069196173986,63.050171395594724,1.588082761012092
706,19.8,Clear,High,Evening,Bike,7.493071754956044,3.288869402354031,88.25965314145216,1.8789321769712943
141,19.27,Foggy,High,Afternoon,Bike,14.503995059338688,6.10057494184414,92.143097517759,1.9198239244030586
174,4.92,Clear,High,Morning,Scooter,13.000003231564886,1.1149428300397202,41.669487716046476,1.2910381515051597
7,1.63,Rainy,Medium,Night,Bike,24.406963658989586,5.481879250692038,38.40980267128114,1.239512850619648
746,18.04,Clear,Medium,Morning,Bike,8.149606940923222,6.1001670358077185,71.12974340057202,1.6867690227244752
74,16.4,Clear,High,Morning,Scooter,12.273504076173888,2.6717624479668545,70.38454291522642,1.6779099250582723
911,12.01,Clear,Low,Morning,Car,5.804296373240696,7.635396272408432,42.43423481278347,1.3028312985614596
146,1.22,Foggy,High,Afternoon,Scooter,14.253292830796259,2.734721639201016,38.17770404848171,1.235762178551872
793,10.36,Rainy,Medium,Afternoon,Bike,7.02028211325259,8.591492212972073,39.25838690397438,1.2531302710249144
235,4.31,Rainy,Medium,Afternoon,Bike,9.94159656609577,3.020040202666472,35.056501604185335,1.1841706229118392
221,13.32,Windy,Medium,Afternoon,Bike,26.113725096315452,0.16249477096393827,71.40514612523886,1.6900313148014607
924,16.1,Clear,Low,Morning,Car,16.74469614911884,6.3892831153307155,62.095779381875445,1.576017504748922
501,14.11,Rainy,High,Morning,Scooter,24.39071079382431,4.33729953391947,93.71944264001102,1.936176052325935
133,2.84,Clear,Medium,Night,Scooter,28.605005827147192,1.1413184106870342,44.44013948741873,1.3332687574141793
991,16.09,Snowy,Low,Morning,Car,13.23647444942688,6.712284968750829,69.61674365086496,1.6687329762531207
775,16.05,Snowy,Medium,Evening,Bike,11.186628972095061,2.0973170328860418,89.35396512756436,1.8905445260830476
186,13.37,Windy,High,Afternoon,Scooter,17.029529295261177,8.662150821225849,63.46244471396297,1.5932663897034038
42,10.16,Snowy,Medium,Night,Bike,10.317508555753706,2.1239385573197804,67.84560225948033,1.6473688385966314
697,6.13,Clear,Medium,Night,Scooter,22.0244282826381,0.5381773694341438,48.31352496187,1.3901586234940242
109,4.96,Rainy,Low,Afternoon,Car,10.348293262674238,7.961748344580681,28.453114869543224,1.066829224750489
589,3.0,Clear,Low,Morning,Scooter,29.095480320521784,1.3259215904038026,43.36844629416982,1.317094473364304
57,2.23,Snowy,Medium,Evening,Car,14.137628327515458,0.32005206733621344,41.2412167481188,1.2843864955397002
443,7.8,Rainy,Medium,Morning,Bike,11.602419987159111,7.362649767742145,49.66538085978341,1.409473389032704
758,10.9,Clear,High,Afternoon,Scooter,6.785518403044196,8.278357719747937,47.461817974845495,1.3778507607842805
998,3.17,Clear,Low,Afternoon,Bike,17.49129131422904,1.627464330942197,28.08098066947014,1.0598298102897492
25,9.39,Windy,Medium,Morning,Scooter,21.57160242477421,9.807219067340865,50.36875813675843,1.419419009831254
468,17.44,Clear,Low,Evening,Bike,25.149217323791227,9.935031061433719,89.67184436585079,1.893904373149297
540,3.02,Rainy,Medium,Morning,Bike,23.475613571333405,1.1933697303823658,46.52238283437508,1.364146368017378
532,19.99,Rainy,High,Evening,Bike,18.42118606784616,2.0907335612015627,112.77173252028554,2.123880717180563
619,16.22,Rainy,High,Evening,Bike,22.121800811218403,0.4136602089122438,102.78423023944775,2.0276511557903425
695,2.74,Clear,High,Afternoon,Bike,18.813212297681638,9.278739904276389,37.51270890356154,1.224952389337015
927,5.74,Rainy,High,Evening,Bike,13.267955528246464,9.141995684175,47.11931695985144,1.3728702336324645
339,9.75,Clear,Low,Afternoon,Bike,22.231748047096286,7.775109621640833,50.63287109803253,1.4231355676537993
52,15.62,Rainy,Medium,Afternoon,Scooter,23.4114508085968,7.737220299871993,78.72037556825298,1.7744900740015763
508,16.54,Rainy,Medium,Afternoon,Bike,25.35773470071089,7.4592470801716155,77.4517864072346,1.7601339313499367
517,7.84,Rainy,Low,Morning,Scooter,7.335263298428282,8.598220100352941,36.5358748592507,1.2088982564178128
782,11.08,Windy,High,Afternoon,Bike,17.02191951323655,6.486977661164507,70.29132131709488,1.67679839357145
265,17.61,Clear,Medium,Evening,Scooter,21.40426286457291,9.783160247134155,79.88205307144412,1.7875352088442247
818,8.28,Snowy,Low,Evening,Car,29.922955446427803,7.946887700216145,58.92877597528252,1.5353016117399543
711,15.32,Clear,Medium,Morning,Bike,17.406633151083312,6.496234298911899,81.14210583861747,1.8015782618428486
683,3.83,Rainy,Low,Evening,Car,27.40533500024281,3.7910066104188207,49.98353239393174,1.4139806560760546
519,19.75,Clear,Medium,Morning,Bike,25.514777886867314,1.7727235298703368,103.60839091371983,2.0357641406972453
448,15.19,Foggy,Low,Evening,Scooter,6.5750322820672,4.62921440089362,53.14925799267109,1.458070752640915
716,18.63,Windy,Low,Afternoon,Bike,11.134779975060793,5.404982168482829,85.10181602259274,1.8450129107688404
484,12.74,Clear,Low,Night,Scooter,18.911999212952214,0.473739818220137,67.06764514587968,1.6378967628746286
569,18.13,Rainy,High,Evening,Bike,21.325817655545517,2.4299838886233065,88.73110603833956,1.8839437999934028
434,2.47,Rainy,Low,Afternoon,Car,22.4261518114552,6.131568662630861,34.351641538057066,1.1722054689866803
368,18.15,Windy,Medium,Morning,Bike,12.007286885787178,2.6842785018781443,89.74660093189814,1.8946936526193163
84,1.74,Foggy,High,Afternoon,Scooter,8.15867065287929,9.804590180479874,28.66344163278033,1.0707649907011403
62,5.79,Windy,Medium,Morning,Bike,26.6162253251296,6.500583863531382,49.538818516293,1.4076763621840498
639,5.75,Windy,High,Morning,Scooter,7.974146682841569,4.008058551263115,37.22384770009988,1.2202269903603984
273,17.41,Snowy,Medium,Evening,Bike,20.136987336823587,4.484856640567599,80.77911712297924,1.7975440703691161
286,1.2,Rainy,Low,Morning,Scooter,24.41443455497287,7.824671859170366,33.5738983072191,1.158859755228718
361,8.07,Windy,Low,Evening,Bike,21.213132710738037,4.537928098163205,48.51339034520413,1.3930310886007409
355,1.88,Clear,Medium,Morning,Scooter,24.18640002141239,7.622287753793887,35.474065695559275,1.1912021775594483
457,0.72,Rainy,Medium,Afternoon,Scooter,9.436793690634776,2.741743217176961,23.158924787761233,0.9624744108341008
279,14.19,Clear,Medium,Afternoon,Bike,9.827035062653657,1.7956826778784167,57.286194853819886,1.51375288411048
13,16.73,Windy,High,Afternoon,Scooter,9.613018395901458,7.497713277960317,71.86342139152048,1.6954459164658777
183,18.53,Rainy,Low,Afternoon,Scooter,8.51875832288776,8.328023402152622,57.28397856030416,1.5137236017226416
369,4.32,Clear,Low,Morning,Bike,22.155694965571563,9.12036901075545,34.16372568196882,1.1689948790643836
882,13.6,Foggy,High,Evening,Bike,9.325925267277979,7.487177969588141,61.32746635759037,1.566237100283228
616,18.46,Rainy,Low,Morning,Bike,19.316588211727495,10.123505130656058,95.2853911400271,1.9522847245217805
224,7.67,Windy,Low,Morning,Car,10.006034250949185,2.8850382472879645,31.389786986091707,1.1205317842183988
573,8.23,Snowy,Low,Evening,Bike,17.744251233159215,3.9728627567337575,56.66806353439133,1.505563861606559
971,13.44,Clear,Low,Night,Bike,29.096510809089878,0.2666256589853307,63.18826039401718,1.589820875369514
654,15.04,Clear,Low,Morning,Car,24.392443048554416,5.558999355220434,60.00044201803725,1.5491990449007804
546,7.48,Clear,Medium,Morning,Car,22.147465892407844,4.191675261485284,52.465360061278574,1.4486595191593998
634,10.88,Snowy,Low,Afternoon,Car,13.050864684213238,3.7720992647907687,52.33951986523586,1.446921143189716
177,13.97,Snowy,Low,Evening,Scooter,14.14197132201905,9.156921299709987,52.88056001447498,1.454380418109031
666,3.48,Foggy,Low,Afternoon,Scooter,9.484311190737882,2.2588531973796204,31.081742487627327,1.115020044440948
674,10.73,Foggy,Low,Morning,Bike,6.381147380386403,6.617152078453822,35.463294365143845,1.191021315764648
586,5.18,Clear,Medium,Afternoon,Car,9.781832104553668,2.5668212626089213,30.2857667275525,1.100650112025661
874,8.47,Foggy,Medium,Evening,Bike,24.34765139065119,0.3224836989214158,68.54286296012856,1.6558123439584396
249,19.29,Windy,Medium,Evening,Scooter,7.279577399682911,8.274563571451141,84.55407604556717,1.8390658068222265
886,3.98,Clear,High,Night,Car,19.573685045152924,3.445221381539044,41.29755965609338,1.285263547387747
670,6.06,Foggy,Low,Afternoon,Scooter,10.772700453009687,8.735730540693833,41.07733926942289,1.2818321148952838
376,6.72,Foggy,Low,Evening,Bike,8.543557296106918,5.591513311756871,31.656758028669127,1.125286772848044
413,19.04,Clear,Medium,Morning,Scooter,27.648512413100686,2.7993807375699555,85.80898435065082,1.8526627793600305
75,14.28,Windy,High,Afternoon,Scooter,23.204040781941742,6.367252794927554,77.65148512500701,1.7624016015086577
114,16.26,Rainy,High,Morning,Bike,16.003750134372506,6.010237389187655,70.47092033626117,1.6789391928984347
599,4.25,Clear,Low,Afternoon,Bike,5.652578669976893,4.504932063999958,22.399073200379753,0.9465531828773227
962,12.26,Clear,Low,Afternoon,Bike,20.820284646036505,2.7617832688332964,66.92237049622348,1.6361218841666227
391,19.81,Clear,Low,Afternoon,Bike,27.364055788035827,1.0614896480996683,75.05050924788603,1.732633939964077
105,18.2,Windy,Medium,Morning,Bike,27.38726101454054,1.0589387498094938,108.23913628604681,2.080760786693625
115,12.85,Rainy,Medium,Morning,Scooter,14.176694377020187,8.86277844387227,73.2611453496535,1.7118544955650117
418,6.91,Clear,Low,Evening,Bike,27.214740035812383,8.162384737739192,91.25959730590809,1.9105977840027775
526,9.64,Clear,Low,Morning,Bike,10.23305951628689,5.450282224361745,46.459328619833464,1.3632216051667236
458,9.64,Rainy,Medium,Evening,Bike,14.775290072532822,6.51757899131092,52.033562050280146,1.4426858570081036
410,2.28,Foggy,Medium,Morning,Scooter,27.28638286411726,6.26528508528066,44.5214859240793,1.3344884551629408
93,15.34,Rainy,Low,Afternoon,Bike,18.703308774527788,6.496427433856918,54.57933511858346,1.4775565656662146
931,3.22,Rainy,Medium,Night,Bike,14.980667257160617,8.525082491727696,34.55110839608491,1.1756038175522385
90,9.71,Clear,Low,Morning,Bike,9.32878941061724,1.497774080468369,49.46762198954889,1.4066644516664077
337,17.18,Clear,Medium,Night,Scooter,13.467350328385288,1.3099791693607208,62.338071548074204,1.5790892507781087
989,5.3,Clear,Medium,Afternoon,Scooter,29.006086486263612,3.1621942175197026,47.0540895622191,1.3719196705670358
922,10.0,Clear,Medium,Afternoon,Scooter,6.656266647430141,9.762418105745102,47.44361596301315,1.377586526690983
934,10.75,Rainy,Medium,Morning,Bike,8.26948933137715,6.679881444212478,61.02922068156535,1.5624240228768291
606,9.49,Rainy,Medium,Morning,Car,23.17648432810673,6.901693177066822,53.530328909656205,1.4632884734003233
594,7.24,Clear,Medium,Afternoon,Bike,28.594026606741316,7.306739201832534,57.4137139398462,1.5154367547323933
612,16.09,Rainy,Low,Morning,Bike,21.29141368994485,8.730263954999387,66.92442724219907,1.6361470256941957
95,15.53,Clear,Low,Morning,Bike,26.753298920066282,6.518361734119988,83.45623921365384,1.8270877287492668
12,19.41,Windy,Low,Morning,Bike,11.958737155125988,8.439516052673811,62.07394068579768,1.5757403426427552
397,17.24,Clear,Low,Evening,Bike,17.695677817911402,5.567707685349961,69.31153600188117,1.6650710015117214
44,18.23,Rainy,Low,Afternoon,Scooter,27.88979941678318,9.439745467690908,86.07771463923355,1.8555615283706821
43,1.17,Clear,Medium,Morning,Bike,16.623068690562143,9.417910601802905,25.741695316893097,1.0147254863635407
330,5.33,Clear,Low,Evening,Car,29.298214463938887,1.4538201084385827,51.60534141790209,1.436737156447234
168,4.14,Rainy,Low,Morning,Bike,23.506810818145535,2.545515474896727,41.15902776589803,1.2831060402928207
498,2.02,Clear,High,Evening,Bike,28.276836173183277,5.059400490055087,44.01994655525669,1.326950587704858
877,14.46,Rainy,Medium,Morning,Scooter,11.848906047761496,9.642290588366535,68.63243714254345,1.656893927112336
598,3.86,Clear,Medium,Afternoon,Bike,21.050923645538308,8.45310945805989,34.02187265642657,1.1665654316227028
757,12.59,Windy,Medium,Morning,Bike,13.74396043731179,9.742008155836935,62.67213360615309,1.5833146700028153
101,1.11,Clear,High,Morning,Scooter,22.6935380324807,8.813566012946755,35.27484545756848,1.1878526079875142
427,9.11,Clear,Low,Afternoon,Bike,19.371082698666726,6.064513627161059,42.07378108590312,1.297286107008059
179,18.77,Snowy,Medium,Evening,Bike,24.17310457445579,0.2654784175284862,115.27785083464178,2.1473504682248943
445,16.35,Foggy,Medium,Night,Bike,16.076577723712337,6.284402410937251,67.34927391683239,1.6413320677648675
417,6.22,Clear,Low,Afternoon,Bike,17.088567869841576,9.13021169327747,29.14534286634416,1.0797285374823462
871,7.78,Foggy,High,Afternoon,Bike,25.389353290975627,3.91668856357248,74.81288109284478,1.7298887951870754
883,0.88,Rainy,Low,Night,Car,27.734449780178444,2.4450947688786897,37.002144415368846,1.2165877595203538
681,16.43,Clear,Low,Evening,Bike,13.355899624170226,5.453118172542647,56.62317644666114,1.504967460733436
178,8.04,Clear,Medium,Evening,Car,27.10261248059352,0.7542342389002343,65.301564983976,1.616187674547433
396,18.65,Foggy,Low,Night,Car,19.893349800642174,2.198670918252055,68.5918586628624,1.6564040408410312
912,5.73,Foggy,Low,Morning,Scooter,7.82165793102263,2.092666643249569,30.46756865628501,1.1039487063498015
794,12.42,Rainy,Low,Evening,Bike,28.602381675003873,9.202853313766086,80.09670296319896,1.7899352274671725
961,2.11,Clear,Low,Afternoon,Scooter,28.615348836731904,5.214730562501239,34.52432504362649,1.1751480765184699
685,18.62,Clear,Low,Evening,Scooter,27.208636517000766,6.516416325782858,75.07010799098452,1.7328601558231356
384,17.61,Clear,Medium,Morning,Scooter,19.807781479843705,3.11166190764886,80.18106988777798,1.7908776606767753
957,10.62,Rainy,Medium,Night,Bike,7.79624677228629,2.342205938645465,48.49048482464137,1.3927021910608366
258,14.07,Clear,Medium,Morning,Bike,17.210806424648155,9.981304758683915,73.24315848762384,1.7116443379116335
539,9.29,Clear,Medium,Evening,Bike,10.48985442570659,9.624635471733345,40.48873568654645,1.272615192217136
336,1.29,Rainy,Low,Evening,Bike,7.427756737864334,7.0934612407300035,15.752868524489916,0.7937976700517562
16,4.08,Windy,Medium,Afternoon,Bike,8.010759993191206,0.2573856260381231,33.66387861720975,1.1604116272635285
325,19.12,Windy,High,Evening,Car,8.319862149968104,0.8194720187694075,92.40551398933906,1.922555736402345
759,17.93,Clear,Medium,Afternoon,Bike,29.65528183170093,4.74548286143393,85.48973944111378,1.8492132320650727
180,3.18,Rainy,Medium,Evening,Bike,21.785253444648045,3.479385329743267,42.05930055259631,1.2970628443155146
984,1.97,Clear,High,Morning,Car,28.278630991052314,7.859148748877373,43.44364620903553,1.3182358849467803
23,6.2,Windy,High,Evening,Scooter,7.241651367196562,3.0767887007590686,42.42173368681125,1.3026393773690592
357,1.02,Windy,High,Evening,Bike,6.446736523383948,8.548623822404236,21.654128596701273,0.9306799363197055
667,5.3,Clear,Low,Evening,Bike,16.343307661069,6.087701742288884,33.25760909685318,1.1533882103932427
862,9.34,Rainy,Low,Evening,Car,11.306951746163264,0.24151831732606105,40.25643031599921,1.2689591059762204
341,10.09,Clear,Medium,Evening,Bike,7.825662622474954,0.5188901594523255,49.51039145077533,1.407272417846315
432,15.35,Rainy,High,Night,Scooter,23.69106891388791,9.392332483655883,80.19789098051629,1.791065503888859
552,17.12,Rainy,Low,Morning,Bike,26.13915772705193,4.271697019788691,86.05071734426812,1.8552705176794906
834,3.94,Snowy,Low,Afternoon,Bike,20.338957398278275,3.5729025123879388,43.143297597279144,1.3136711551568627
631,14.41,Snowy,Medium,Evening,Bike,8.679625902926798,8.3339758714004,75.55624450400586,1.738461900692746
94,11.44,Rainy,Medium,Evening,Car,20.596873016072724,2.6288412081226418,57.31652641894658,1.514153577665708
559,15.23,Foggy,Low,Morning,Car,6.668979220921981,0.6183695189432353,52.58905365829571,1.4503662111107762
69,1.95,Clear,Low,Morning,Scooter,16.003379101724118,2.2868581404964314,23.34984029197099,0.9664334491721815
285,11.78,Clear,Low,Afternoon,Scooter,26.727251668282616,3.8132573001282957,71.43064479083259,1.690333041632123
845,3.4,Windy,Medium,Morning,Bike,11.636819096528455,7.278979644998543,30.540349215850355,1.1052664695149375
435,2.14,Clear,High,Evening,Bike,18.642476947428914,3.318949517401882,34.55068102173377,1.175596546809045
154,10.04,Rainy,High,Afternoon,Bike,12.534956387663344,9.177707612624122,59.91436383014587,1.5480873855198984
731,3.7,Clear,Medium,Morning,Bike,28.10459668978349,7.294683326817963,45.66099936745756,1.3514584620691465
447,19.73,Rainy,Low,Evening,Bike,8.091563169290886,8.259579888970483,64.61587512360316,1.6076800070113848
189,10.83,Clear,Medium,Evening,Scooter,8.578054696437109,9.503495985616572,51.40162844927979,1.4338985800854926
272,16.3,Foggy,Low,Morning,Car,12.372521267187446,1.6700333502984481,100.58577262707792,2.005849173064395
237,5.98,Foggy,High,Morning,Bike,14.086743351200223,6.551556566822879,44.140641398364444,1.3287684734123466
488,5.98,Rainy,High,Morning,Bike,21.28724943987229,2.1558560314472492,60.913901682163704,1.5609471699216948
118,4.14,Foggy,Medium,Morning,Bike,21.07406668050271,0.8713945300287813,46.672558428889694,1.3663463459736658
513,18.69,Windy,Medium,Night,Bike,23.195723767954615,9.500728205470644,74.47663153226704,1.7259968891312294
826,18.44,Rainy,High,Morning,Bike,27.644746722174062,7.727923854722679,80.77007445077462,1.7974434561429142
592,13.0,Windy,High,Morning,Bike,22.790423264867083,8.428549997671016,65.2304569800871,1.615307487509262
117,16.17,Clear,Medium,Evening,Car,10.955791568519802,2.152913868181835,116.37590569281404,2.157553296609973
474,17.88,Clear,Medium,Evening,Bike,29.09486422602276,3.345174703005886,98.9377190399617,1.9893488285362295
694,5.23,Clear,Medium,Morning,Scooter,19.390691553751804,4.560771377069442,37.69592776057811,1.227940190083835
864,9.09,Rainy,Medium,Morning,Bike,6.8223462799408745,7.251461432614328,43.62271963844028,1.3209499557279267
913,12.67,Windy,Medium,Morning,Scooter,7.780070076184607,3.7577239459757044,43.16051013942935,1.3139331815496458
370,1.85,Clear,Medium,Evening,Bike,10.558122673939765,1.5964387327674907,24.770178580279815,0.9953929591930981
269,7.51,Rainy,Low,Evening,Car,27.65841654402754,6.45618119778266,51.04912499166445,1.428973407613514
47,6.58,Clear,Low,Afternoon,Bike,13.330301503443389,1.717968786417321,34.58463342738083,1.1761740250044774
350,12.7,Clear,Low,Morning,Scooter,23.065461133031157,2.537310483757008,57.07115306772194,1.5109090385290829
196,7.31,Foggy,Medium,Afternoon,Bike,26.484730480168672,2.512863356015433,65.4188463591478,1.6176383571014605
1000,9.2,Clear,High,Morning,Scooter,9.36785921147109,9.956285272731714,48.445007730723646,1.39204896078728
835,10.22,Foggy,Low,Afternoon,Scooter,21.127668127105498,0.780241172841063,62.247801499062234,1.5779455186927365
737,8.15,Clear,High,Evening,Scooter,12.04954871747164,9.579365549313371,43.60863592288804,1.320736702342871
264,10.61,Clear,Medium,Morning,Bike,17.197040921194997,0.6366598234317874,59.61776675890914,1.544250844376122
444,7.73,Clear,High,Night,Bike,29.406669855786898,5.759006567797856,58.34005375502952,1.527613220092436
676,19.66,Clear,Low,Morning,Car,19.51272240593578,6.469102041338478,70.12975341246367,1.6748701849691359
305,14.66,Snowy,High,Morning,Car,5.985872279783131,6.428405518737311,71.64237848791593,1.692836418416333
342,9.73,Clear,Low,Afternoon,Bike,29.734813500075663,7.169077893133405,60.38463586706438,1.5541510334206825
967,14.52,Clear,Medium,Afternoon,Car,26.101794930160743,5.068648211631311,86.37774527044887,1.8587925679908328
125,4.94,Rainy,High,Evening,Scooter,28.406797823882926,4.3026283882940195,63.23791722708364,1.5904454373172774
787,11.88,Rainy,High,Afternoon,Car,29.077971227358443,9.368069308747982,78.62621301866538,1.7734284650773529
51,19.41,Foggy,Medium,Morning,Car,7.5539995489005145,6.649924768658825,66.05862004398394,1.6255290836399567
928,11.06,Clear,High,Evening,Bike,6.798714548319871,9.787680363758861,54.172921650075686,1.4720451304233262
143,10.2,Rainy,Medium,Afternoon,Bike,18.318411660234307,9.092162087840236,56.43814077760488,1.502506449604858
471,0.74,Rainy,Low,Morning,Car,13.588895523239717,5.029948698215666,21.09709711593313,0.9186315282186461
400,15.21,Snowy,Medium,Afternoon,Bike,20.771923474633347,9.252435232699401,90.4657712686614,1.902269920580793
626,7.69,Rainy,High,Morning,Scooter,16.51087222327904,3.9967913861667186,58.38939782821942,1.5282591119076558
321,11.21,Clear,High,Afternoon,Scooter,23.073016772023276,1.7237811251681232,76.23296463691986,1.7462298203491988
20,6.18,Clear,Medium,Evening,Bike,9.515862761193228,9.650990953950664,35.16194497840996,1.1859501672230577
810,2.71,Clear,Medium,Morning,Car,6.795102214131424,5.84820459208261,19.720092382019462,0.888146212782996
791,3.49,Clear,Medium,Morning,Bike,17.107526429803865,2.5571293950857834,38.23786426648574,1.2367354489378195
809,9.29,Clear,Medium,Morning,Bike,17.410467981525656,2.8765607339663175,49.89467533845526,1.412723261484078
408,0.71,Foggy,Low,Night,Bike,30.10621491952406,1.5608069147512826,41.615637431186514,1.2902036650263635
538,5.32,Rainy,Low,Afternoon,Scooter,27.61029337844273,2.5350290391735775,48.720539080589965,1.3960019925571734
621,4.1,Clear,Medium,Evening,Car,18.357798547235266,3.3454688092673504,38.34445425325343,1.2384579807688825
176,3.9,Rainy,High,Morning,Car,25.627156481712564,9.10948703622105,54.5395906270615,1.4770184917875808
246,18.6,Rainy,Medium,Morning,Car,28.112169087193806,9.451936979741728,77.52505452199503,1.7609662634133003
829,14.88,Snowy,Medium,Evening,Bike,10.337504298281955,0.29610959148760535,64.28435620626651,1.603550513158429
668,3.63,Windy,Medium,Morning,Car,22.022531869241057,9.476963530706847,39.261374263773234,1.253177948477761
755,3.22,Windy,High,Morning,Car,7.3864417321199225,7.750240785189532,27.52069730292817,1.0492034560165757
859,11.51,Foggy,Low,Afternoon,Car,5.7387223258299676,7.647417837313586,57.26009808701277,1.5134080492321003
155,19.72,Rainy,Low,Afternoon,Bike,27.381245100407384,6.48351501499011,109.92948157785713,2.0969452217724442
288,11.08,Clear,Low,Evening,Scooter,28.264973333076224,2.2914064950352646,58.82721654972469,1.5339780513387367
603,3.95,Clear,Medium,Morning,Car,28.46087717273744,5.177269540788935,47.66718021454704,1.380828450091423
570,7.29,Clear,High,Evening,Car,11.87155717494184,7.770690024154688,48.131296142543185,1.3875344484738847
744,10.3,Clear,Low,Morning,Car,12.808678130940024,7.408076372645807,41.34483675995113,1.2859990164840893
18,10.73,Rainy,High,Afternoon,Car,27.319013481559335,6.327571242603285,83.48353370481654,1.8273864802478599
128,17.28,Clear,Low,Morning,Car,28.0114178671593,3.913470939249794,72.84664436874951,1.70700491351079
323,13.37,Foggy,Medium,Evening,Scooter,16.634839105181445,10.031708838801716,71.40984761608985,1.6900869517996977
256,11.36,Clear,Medium,Morning,Scooter,8.336641939221085,2.4971642600837134,52.07901274999538,1.44331580397355
658,7.58,Clear,High,Afternoon,Scooter,19.845611364534633,9.30557491124152,57.174717220182146,1.5122793025123653
191,2.32,Clear,Low,Afternoon,Scooter,23.199259855652137,1.476962770896377,32.430975583651765,1.138964013191844
116,17.49,Rainy,Low,Evening,Bike,27.310980348816855,9.39653917879691,97.10656629627765,1.9708532801431735
181,7.15,Windy,Low,Morning,Bike,15.038101056405734,3.1830868920161057,42.88304467560219,1.3097029384650887
760,15.88,Rainy,Low,Evening,Car,17.764325242788278,1.499213483675324,68.1014378049669,1.650471905910148
724,14.95,Clear,Medium,Morning,Bike,13.522071331730665,7.747160364047107,49.045093787232084,1.4006440488180012
686,11.36,Foggy,Low,Afternoon,Bike,6.406671091085736,4.017339337738108,47.623173440613705,1.3801909062244064
980,12.14,Foggy,High,Afternoon,Bike,12.550620088233824,0.37011019305076037,65.07749644162698,1.6134124883814058
518,16.31,Foggy,Medium,Afternoon,Car,14.277936712214641,7.769307336555123,71.66494425546261,1.6931030004753123
985,14.7,Clear,Medium,Evening,Scooter,24.80053849058684,5.633344523767302,75.22051723865505,1.734595252370478
46,13.42,Rainy,Medium,Evening,Bike,6.387048828487121,6.415035679948783,106.46515280112104,2.0636390459682725
158,15.35,Foggy,Low,Morning,Car,5.520802164593378,3.143475262801061,56.85408668092067,1.5080329794924339
852,15.12,Foggy,Low,Morning,Bike,14.625521181620154,1.2127383007973713,58.011422887855325,1.523304603654244
172,0.82,Windy,Low,Morning,Car,18.85224930355124,9.568575727891993,24.15426299850849,0.9829397336257903
17,6.43,Clear,Low,Evening,Car,9.473651866323728,7.57478868850849,26.450089586270153,1.0285930115700797
512,8.66,Snowy,High,Morning,Bike,29.95648263759319,3.206160712463646,77.5683153937399,1.7614575259567276
49,11.16,Foggy,Medium,Afternoon,Car,21.558972196235864,4.81957873510944,77.58284480810543,1.7616224885951635
516,1.01,Clear,High,Night,Bike,17.015867066329385,7.145333153751838,29.84013440555487,1.0925224831655387
953,3.92,Rainy,Medium,Night,Bike,20.332129944262043,9.44786713602161,41.43536549246464,1.287406159569926
481,12.77,Foggy,Low,Morning,Bike,22.49083406087925,8.262804102414913,71.16978488800493,1.687243727361343
284,2.33,Clear,Low,Evening,Bike,9.390947030632535,2.512228411628148,18.78786197637206,0.8668993477070348
719,2.92,Windy,High,Afternoon,Bike,25.181050642228577,4.459755454259317,48.52681417670479,1.3932238036540259
878,13.35,Rainy,Low,Evening,Scooter,14.22498334883051,5.092722472060823,91.78737374341041,1.9161145450458896
226,5.26,Rainy,Medium,Evening,Scooter,28.286349702471817,8.448855603178112,51.728377876128924,1.4384488572921725
27,4.39,Foggy,Medium,Night,Bike,12.713022590654024,8.40046814881215,38.101269054826886,1.2345245085428946
955,8.67,Windy,High,Morning,Bike,20.948823066217066,4.555722538653068,55.18675288658348,1.4857557388290106
438,16.53,Snowy,Low,Afternoon,Scooter,24.382253082117046,9.201805950088238,99.80534322192935,1.9980524840146654
952,13.47,Clear,Medium,Evening,Bike,19.962801177063874,4.235921240312676,59.431240162229706,1.5418331967139598
365,18.86,Snowy,Medium,Night,Bike,18.431183742064984,1.8119617326019735,89.36018270703516,1.8906103004800876
230,12.81,Clear,Low,Morning,Bike,12.097903445914008,2.530226312525202,51.41974038891432,1.4341511829498916
38,2.4,Snowy,Low,Night,Scooter,27.520101119638337,5.3941650499098355,42.33698244215305,1.3013375033734031
966,7.44,Rainy,Medium,Evening,Bike,6.796986936582266,1.5032125829139864,39.50726434092863,1.2570960876707655
375,1.89,Clear,Medium,Evening,Scooter,13.96345399980176,7.625538058208374,22.77869306698254,0.9545405819970683
470,19.28,Snowy,Medium,Morning,Car,21.67635401282436,3.510350396349259,101.64730602494114,2.016405772903273
851,1.81,Clear,Medium,Afternoon,Car,23.01359324820792,3.74818444254145,34.41308277587892,1.1732533021624771
705,1.74,Clear,Medium,Night,Bike,23.081776833453166,2.2516712058474124,34.23059448934814,1.1701383591584056
842,13.44,Clear,Medium,Morning,Car,22.445242153439764,1.2922944283506883,79.15613777307642,1.779394703522256
855,4.5,Windy,Low,Evening,Scooter,20.494896890640074,7.0438572896627525,32.40151927013447,1.1384466482033222
865,8.31,Windy,Medium,Morning,Bike,6.306606342778301,5.274814499377555,44.905054183480544,1.3402246704710452
504,16.37,Clear,High,Morning,Bike,26.786896417957376,7.531931974195328,97.8368140161567,1.978249873157147
970,9.78,Clear,Medium,Afternoon,Bike,18.373055519011448,3.6440247456465302,58.297037083830375,1.527049928245051
831,4.88,Windy,Medium,Afternoon,Scooter,26.796937062238605,7.214166745492568,48.035904482827,1.3861587857504205
969,11.54,Clear,High,Afternoon,Car,10.780671332120345,0.1986564446995849,56.82568762105326,1.507656295327994
909,5.56,Clear,Low,Afternoon,Scooter,19.65122976412221,5.546678122806846,31.9652380149231,1.1307561720357417
802,3.47,Snowy,High,Night,Bike,24.321580340751314,10.093328893849044,53.15013989789794,1.4580828494690958
994,12.01,Clear,Low,Morning,Scooter,26.578516139338795,6.650861543994609,57.416822229541395,1.5154777758785036
756,15.98,Foggy,Low,Morning,Car,21.459869241238305,6.658300845722152,90.8303966055698,1.906099646981446
112,3.64,Clear,Low,Morning,Scooter,16.639169937520265,3.8406005220415538,26.817294902270422,1.0357083547460728
227,19.47,Clear,Low,Morning,Bike,16.28113688089521,8.580321959025081,83.50575007722392,1.8276296132118668
689,15.51,Rainy,Medium,Morning,Scooter,10.317201045221571,8.257214463643201,81.26787354978566,1.8029739160596379
104,10.42,Windy,Medium,Afternoon,Bike,28.412087578312875,3.306035029957055,72.83394844630394,1.706856156169042
422,15.9,Rainy,Low,Evening,Car,19.626051879296426,5.267164702848935,78.6906222810886,1.7741546976640858
420,15.17,Windy,Low,Morning,Bike,25.64401303344579,4.227182020059556,77.12625088131746,1.7564310505262364
587,1.98,Rainy,Low,Afternoon,Bike,22.38041112795937,0.2608041062990673,39.049799699752334,1.249796778676475
781,14.03,Clear,Low,Afternoon,Bike,17.098196209237955,2.370106484897387,65.72781424731338,1.621453844515019
673,2.06,Foggy,Medium,Evening,Scooter,22.74392128663355,4.244194220819105,40.31155340435392,1.2698276009656417
120,11.02,Clear,High,Morning,Scooter,22.33848721646962,2.471867990617048,70.13287235713662,1.674907428571939
152,5.17,Foggy,Low,Morning,Bike,29.682128425725544,0.038019331290812225,56.18224521153991,1.4990963306144127
404,16.62,Snowy,Low,Afternoon,Bike,26.587168249646957,8.558266791260936,94.17641940424791,1.940890717214629
946,0.71,Rainy,Low,Morning,Car,26.040095345225815,8.341288744061266,31.148728057815887,1.116220911071207
659,13.1,Clear,Low,Evening,Bike,28.364158149311514,2.9905529433751425,73.24805272676291,1.7117015245277187
844,19.24,Rainy,High,Afternoon,Bike,9.428199235347984,7.720160425408553,75.39696539792043,1.7366285198386031
763,5.35,Clear,Medium,Afternoon,Scooter,24.908745358590323,7.006065525359756,43.51303112639771,1.3192881584611866
9,12.22,Clear,Low,Evening,Scooter,15.08832782666607,0.6896329934056584,56.829028175617246,1.5077006092141403
808,18.55,Clear,Low,Afternoon,Car,11.322511636306203,9.02522280806792,69.84904566713259,1.671514829932808
37,6.44,Clear,Low,Afternoon,Car,18.892262205925416,3.247242957824643,43.67502677625535,1.3217416809082683
453,8.77,Foggy,Medium,Evening,Car,14.704024534392062,7.906085943667803,49.5179010508725,1.4073791394059032
652,10.97,Clear,Low,Afternoon,Scooter,27.560849717859764,3.3850492638984058,51.74477558043715,1.4386768307085112
254,6.68,Clear,High,Morning,Scooter,10.431005988704369,5.100700067805203,44.159912283006165,1.329058498080595
304,12.93,Rainy,Low,Afternoon,Scooter,25.920552330199598,0.20853757421328656,61.39355523680171,1.5670807922605867
747,7.99,Clear,Medium,Evening,Bike,18.346303812549444,4.79894906502105,42.780273795420065,1.3081326201180072
572,15.78,Clear,High,Afternoon,Scooter,12.067660034317425,1.496223930981488,68.65427090710676,1.6571574566963367
624,9.95,Windy,High,Evening,Scooter,21.25999986645392,5.3695003061960875,72.04079688492723,1.697537002659173
733,13.47,Rainy,Low,Afternoon,Scooter,7.3797784503430135,6.08594438869519,46.15905960718448,1.3588091787618228
892,17.19,Clear,Medium,Afternoon,Bike,11.476479239272201,8.011138634758634,76.44309274450484,1.7486348131557354
263,3.23,Clear,High,Afternoon,Bike,17.451164749090136,9.54687670188073,33.01623706343019,1.1491951455419604
611,1.27,Foggy,High,Afternoon,Bike,25.413361223109316,9.77702073551407,46.4162000849499,1.3625887139551671
298,4.71,Clear,Low,Morning,Bike,20.123128540125226,6.648406754008425,31.323728312518035,1.1193521038979297
415,12.82,Rainy,Medium,Evening,Bike,28.120910831174488,9.458311558639679,72.24731805078044,1.6999684473634262
789,9.51,Clear,High,Morning,Bike,26.183514095302836,9.584557605582264,64.02059971257259,1.6002574756903662
641,0.89,Rainy,Low,Morning,Car,9.82181855613246,0.5322532217594852,20.517787248597504,0.9059312832350477
890,5.24,Windy,High,Afternoon,Scooter,27.198742568364494,8.701658403874147,51.57600284211005,1.4363286927734897
551,10.64,Windy,Low,Evening,Car,11.196733496948843,9.222297810843372,36.18247409285878,1.2030373908213958
887,13.23,Clear,Medium,Night,Bike,21.2279307372188,8.410918351394079,70.37919950083689,1.6778462325354717
489,19.03,Clear,Medium,Morning,Scooter,8.510245719022988,8.02306008780227,66.15978951506814,1.626773364855328
148,10.3,Rainy,Low,Evening,Bike,29.04412543331685,0.585508682154094,73.27878114418797,1.7120605263154454
147,12.39,Snowy,Medium,Evening,Bike,14.741150137946596,8.926723511802454,56.258261019712585,1.500110142885683
721,18.8,Clear,High,Afternoon,Bike,23.973781125389372,7.203705397563115,95.44833770503371,1.9539533024617937
932,16.78,Rainy,Medium,Morning,Bike,22.453572542443936,1.695582246539101,70.42235752094204,1.6783605991674382
740,7.85,Clear,Low,Afternoon,Scooter,7.634787837880394,9.49370629097473,34.49795044384613,1.174699117967595
660,11.63,Clear,Medium,Night,Scooter,30.03739692594318,7.187163289210322,57.50975852774902,1.5167037750035308
349,7.8,Windy,Medium,Afternoon,Car,17.502567463478623,6.492209179639278,44.27116458666743,1.3307315970798534
464,11.88,Rainy,Medium,Afternoon,Bike,5.569984135918869,1.3365750174644513,63.38436360081345,1.5922859492040171
326,14.89,Clear,High,Evening,Car,22.64401971340352,9.57763687451834,88.65927223083001,1.8831810558820945
854,18.01,Foggy,High,Night,Bike,14.635324194961639,2.701289050957044,72.22894132904742,1.6997522328745143
609,10.32,Clear,Medium,Night,Car,24.551442221066377,5.830770178032699,49.05097119018101,1.400727970595019
144,6.37,Rainy,Low,Afternoon,Car,29.416757556372538,4.4251489945939975,56.7301213033786,1.5063880151326032
959,3.74,Rainy,Low,Morning,Bike,19.441188978781778,6.819843841661915,36.33059405465677,1.2054973090746701
198,17.99,Windy,High,Evening,Bike,5.577904483181455,1.3281197829641869,73.14522753217648,1.7104996642171724
610,13.96,Rainy,Low,Night,Bike,5.719506550305387,1.8031635629730023,42.76776718114008,1.3079413928940407
280,16.02,Clear,Low,Evening,Bike,20.536606589340654,7.861371669541876,61.67025816832862,1.5706082664793106
401,2.51,Clear,Low,Morning,Bike,16.21244033602971,2.5122396978554344,28.637908032028136,1.070287961850046
123,6.7,Foggy,High,Morning,Scooter,23.835865443604153,3.700706086845816,59.47631160708364,1.542417733392399
184,17.61,Windy,Low,Morning,Bike,5.188934499335876,8.458452343748283,61.81071539605932,1.5723958203462551
203,3.65,Clear,Medium,Morning,Bike,29.565673459689215,9.30544625453174,46.54010642957945,1.3644061921521677
439,14.27,Clear,Medium,Night,Car,24.739644563354155,3.2975498626170396,77.21850997011506,1.7574812655629086
247,8.85,Clear,Low,Afternoon,Bike,11.357016012528458,9.200974572793818,45.64013519675862,1.3511496615365541
933,19.7,Rainy,Low,Evening,Car,16.368001145426252,6.480914600086594,66.56597034835258,1.6317594228114949
766,11.61,Clear,High,Morning,Car,19.7784536713954,1.754032221349756,67.88534129442274,1.6478512225856161
907,16.44,Windy,High,Afternoon,Car,9.195524850446185,0.21013952266479619,80.5979977290226,1.7955277522669773
836,8.67,Rainy,High,Afternoon,Bike,12.141649268593163,7.719236731985845,104.53026974459526,2.044800916907025
888,5.14,Clear,Medium,Evening,Scooter,23.393417704630465,7.940250202354134,43.276742036481764,1.315701212836437
638,5.23,Clear,Medium,Morning,Scooter,23.5345061793715,2.7316845925611037,47.26872188812766,1.3750450449076592
403,10.35,Clear,Medium,Night,Bike,7.779876322237583,9.345386631580707,48.58775219956542,1.3940983064269954
785,4.04,Rainy,High,Evening,Bike,14.751694873292994,6.476988398101349,39.5332936451554,1.2575101374566395
771,2.66,Clear,Low,Afternoon,Bike,16.403032769794578,8.009207684199215,21.150519573582876,0.9197938806837732
736,17.61,Foggy,Medium,Afternoon,Bike,10.001370386853335,5.2055644904677365,74.56958114173057,1.7270736074844129
914,8.48,Clear,High,Night,Bike,11.025670396224006,5.51777950233716,39.73322706497652,1.2606859571673912
220,17.06,Clear,Low,Evening,Bike,9.43335940420401,9.508959382449541,66.52083699367968,1.6312061426279596
642,6.78,Foggy,Low,Night,Bike,18.687513317600175,6.402490866002758,42.05174561391219,1.2969463460592685
916,9.0,Snowy,Medium,Afternoon,Car,29.666098898987382,4.060413812404885,78.36277554006672,1.7704550323582549
753,12.74,Clear,Low,Afternoon,Scooter,12.044098832180714,0.4090030555501007,63.79286299035254,1.5974086889753987
807,18.72,Rainy,Medium,Afternoon,Bike,17.139467204443566,1.0683965342325654,89.57037955112168,1.8928325816206955
625,12.56,Clear,Low,Morning,Car,22.08571980853534,8.336394625371636,49.6515919491541,1.4092777149895488
875,1.0,Snowy,Medium,Morning,Bike,28.8153542131787,0.09732628682889045,51.72697437537552,1.4384293430735557
761,3.46,Clear,Low,Morning,Bike,24.370788256171743,6.934395717053348,37.49936969667414,1.2247345785381278
387,6.0,Snowy,Low,Morning,Car,20.634013248430726,8.378049801031882,53.47160279255119,1.4624855936733352
973,14.79,Clear,Medium,Morning,Scooter,12.395293803499216,9.445996272241835,64.13439065472264,1.601679002231379
510,14.65,Snowy,High,Morning,Car,19.22521196815516,3.0769050413032795,95.5634240148533,1.9551309318288972
268,14.2,Clear,Medium,Afternoon,Bike,17.848138180073096,1.7890948387273844,73.91386318532123,1.7194634417203671
820,7.04,Clear,Low,Afternoon,Bike,11.269429773353611,8.308051640869648,38.058143632415046,1.233825654335572
497,11.88,Rainy,Medium,Evening,Bike,20.26074886148318,8.300765996570437,69.8692489551479,1.671756548725297
113,18.63,Clear,Low,Evening,Bike,26.859420106224896,8.86577184526096,75.75282871423883,1.7407220193269095
692,8.8,Rainy,Medium,Afternoon,Bike,6.849413903541851,2.56848298409314,38.42003278627862,1.2396779063333931
233,11.75,Clear,High,Morning,Bike,10.119718013170429,2.7556742178090854,55.419925953732765,1.4888912109853125
870,18.95,Snowy,Low,Morning,Car,27.401560911648733,0.6885002980333278,92.41621757257504,1.9226670806208237
608,7.6,Foggy,Low,Morning,Bike,16.169593931262288,4.468314418510226,48.300856174010775,1.3899763476262577
672,17.99,Foggy,Low,Morning,Car,11.185084390214227,2.1986912655670907,84.2394870089828,1.835641435672913
374,13.82,Clear,Medium,Evening,Bike,21.563600024361232,9.18987995077214,72.91194312924166,1.7077698103578443
982,15.53,Foggy,Low,Evening,Bike,26.038128428548024,7.179873471578801,68.4377500397666,1.654542233244792
843,3.97,Clear,High,Afternoon,Bike,19.545282973555818,8.71072400471624,40.95675920315455,1.2799493615476285
234,10.1,Clear,High,Morning,Car,17.37715744277432,6.136911733923926,55.41802897210444,1.4888657289642264
786,18.21,Foggy,Low,Morning,Bike,5.463102811793541,1.693802593162948,70.71155264718537,1.6818032304307824
677,2.68,Clear,Low,Morning,Bike,16.335990510367672,8.093319263096696,25.194905222829085,1.0038905363201527
318,3.88,Snowy,Low,Morning,Bike,9.25644132262218,6.048696935150318,33.26610406849871,1.1535355056260508
649,15.89,Snowy,Medium,Afternoon,Car,15.805280433032728,9.921200987616547,91.322763216845,1.911258885832529
411,6.73,Clear,Medium,Afternoon,Bike,21.86050606543625,1.1628703099141717,54.15263212973118,1.4717694402280703
899,0.75,Clear,Medium,Afternoon,Bike,11.131819572389547,5.263824979679865,16.582720033066494,0.8144377209600866
710,13.79,Rainy,Low,Night,Scooter,11.575858673226607,0.30249476817025517,69.66988002807408,1.6693697017506228
359,18.83,Clear,Medium,Evening,Scooter,5.398769123091494,8.657931069041473,69.23248522473328,1.6641212122286442
259,11.62,Clear,Low,Afternoon,Bike,9.267036790202093,8.474035862684232,33.58668279152481,1.1590803732532928
628,15.08,Rainy,Medium,Evening,Scooter,26.677034781219987,1.5016030228281323,94.40605999054692,1.9432556187032823
633,10.48,Rainy,Low,Afternoon,Car,10.144748174544125,7.215612964286811,45.56910195806849,1.3500978032434316
283,7.82,Rainy,Medium,Evening,Bike,16.522864206376095,8.1933887071517,45.369188592304546,1.3471330831407053
385,14.83,Rainy,Low,Morning,Car,19.919891796065098,4.572293862554083,126.36202931932533,2.2482173321930006
225,5.67,Clear,Low,Morning,Scooter,11.253750880941585,10.105319204271597,27.15841322632742,1.0422746898265816
954,18.33,Snowy,Medium,Morning,Scooter,5.6607459432414595,5.679063117415138,67.74728456020229,1.6461747727407596
473,1.34,Foggy,High,Evening,Bike,9.382662077823626,6.3452508027102095,30.189658106456715,1.0989023269873754
348,1.38,Clear,Low,Morning,Scooter,13.172498169636366,9.25159650982527,17.86499407614529,0.8453400280631526
640,7.86,Windy,Medium,Morning,Car,22.910061959663246,2.5687413214929196,55.51394144724634,1.4901535685592453
988,8.98,Clear,Medium,Afternoon,Scooter,22.399016009028347,8.94506990689778,105.15846331786446,2.050936013803107
929,12.85,Rainy,Medium,Evening,Scooter,6.326136990471596,7.2083541725982645,61.47087347752473,1.5680672623012666
906,17.91,Clear,Low,Afternoon,Bike,6.320573580237333,7.643437319613264,68.80453345454288,1.6589699630137116
620,15.09,Snowy,Low,Morning,Car,21.15700325168542,7.390634068947959,68.9098067505562,1.6602386183986468
856,4.22,Clear,Medium,Morning,Bike,16.84387053539679,7.722715721244215,35.79093266179518,1.1965104706904188
804,12.33,Clear,High,Night,Bike,7.147590190733253,2.798853489697313,101.03308363134121,2.010304291706519
646,17.87,Snowy,Low,Morning,Scooter,29.851727483329523,4.645101156284493,87.83113790177411,1.8743653635486774
847,2.16,Clear,Medium,Night,Car,10.391251232104484,1.44928854800724,23.030652138286232,0.9598052331236007
557,3.11,Rainy,Medium,Morning,Scooter,21.684635573445618,1.4441646811211468,43.822544139034115,1.3239719655496354
958,1.42,Clear,High,Afternoon,Scooter,24.898542436692335,3.1486427845737843,40.57420264156708,1.2739576545798856
578,18.57,Rainy,Medium,Afternoon,Bike,16.68740801533436,7.629525396705037,89.29674386753668,1.8899390875637943
796,17.51,Clear,Medium,Evening,Bike,15.380396588765027,3.457163851397307,60.24302288896292,1.5523275799774083
86,6.84,Clear,Medium,Evening,Bike,25.827690766155214,1.5629989747623108,51.02111268463723,1.4285812918365863
699,3.51,Windy,Medium,Night,Bike,22.471963702296712,2.720224665266565,44.867382367257136,1.339662380859553
160,14.7,Clear,Medium,Morning,Scooter,6.475006941658471,2.7590769965000987,59.0328403455121,1.5366566349775361
525,16.85,Clear,High,Morning,Car,17.638195910353296,4.356162805043196,71.54140950296396,1.6916431006919155
36,16.26,Rainy,Low,Morning,Car,27.26551110435939,5.556025412338301,66.54186848130942,1.63146398650181
541,19.1,Snowy,Medium,Morning,Bike,25.438195872513187,7.19293050561736,90.03394753674051,1.8977244008205252
171,13.71,Rainy,Medium,Evening,Bike,22.92228686728139,9.25851464970958,64.62190314677555,1.6077549955982169
891,14.58,Clear,Low,Evening,Bike,23.38888670946853,0.8671527709269219,70.5861566303869,1.680311359604367
858,9.71,Clear,Low,Afternoon,Car,27.297235633144478,5.558980951878547,61.171168634501385,1.5642399897010866
848,19.94,Clear,Low,Afternoon,Bike,27.35636826015384,6.094367858645983,83.22203189602828,1.8245222048090104
945,4.53,Snowy,Medium,Morning,Scooter,19.043970265796464,4.157677725071844,49.048495481012324,1.4006926212558177
734,10.7,Clear,High,Afternoon,Car,8.39263488742606,4.767993490487452,57.78949802393539,1.5203880823518106
96,10.13,Clear,Medium,Evening,Bike,22.64820590156627,0.12306640264990959,65.26385105031865,1.6157209047396603
564,0.78,Clear,Low,Afternoon,Bike,11.348354623309946,0.9753760668283143,18.432420944634984,0.8586599081041337
241,18.84,Foggy,Medium,Afternoon,Scooter,25.236128681215554,8.687353029354618,88.28566883834226,1.8792090765887897
743,15.08,Snowy,Low,Evening,Bike,29.18113648973259,7.2963647673917675,84.49146472762128,1.8383847772174495
575,17.32,Clear,Low,Evening,Scooter,10.247669616994825,3.4312946556998094,77.41980859514408,1.7597705372592654
691,6.81,Clear,Medium,Evening,Bike,23.372271709240614,2.9862414860580815,47.636797895940575,1.380388320668363
461,2.79,Clear,High,Morning,Bike,23.60678378337936,7.194179340479336,38.97509603171484,1.2486007533509635
554,11.44,Foggy,High,Afternoon,Car,14.442889878253254,4.178789539457286,74.98729706320546,1.7319041204778682
889,2.44,Snowy,High,Evening,Bike,13.016071731121055,10.18163479304621,39.80699142247864,1.2618556402771062
207,2.48,Rainy,Low,Evening,Scooter,20.331879059235554,8.199043524252835,30.09072090344847,1.097100194211057
795,0.85,Clear,Medium,Morning,Bike,9.764886097463407,8.001835380775294,18.339739925999368,0.8564984512770439
398,8.87,Clear,Low,Evening,Bike,19.40665163497605,3.189393644612811,55.11779332040365,1.4848271727093851
767,15.37,Snowy,Medium,Afternoon,Car,15.2490240984956,5.302636428587556,66.93167509211521,1.6362356198557126
849,10.29,Foggy,Medium,Evening,Scooter,25.742313026052887,4.129922068641862,67.12213991309594,1.6385620514719113
218,15.06,Rainy,Low,Morning,Bike,22.39534430360687,4.932177907521641,65.29782604642392,1.616141405278931
769,7.17,Clear,Medium,Morning,Scooter,7.3757997601344645,9.334625233775418,29.289402185478004,1.0823936841182695
643,4.62,Rainy,Medium,Afternoon,Car,8.648090143871144,3.4965360264379823,33.79731351074398,1.1627091383616797
930,5.53,Clear,Low,Morning,Car,10.03911998245311,8.453201613860417,27.22327943502317,1.043518652157654
613,12.74,Rainy,Low,Afternoon,Bike,17.440819512510075,9.529310421711164,63.76157076824615,1.597016853614841
739,9.06,Clear,High,Evening,Bike,26.092232507371378,3.578013160266148,61.68000961315038,1.5707324356891645
547,2.71,Foggy,Low,Morning,Bike,6.72303161496154,0.3510702569147575,28.772267642845115,1.0727957427739003
726,16.92,Clear,Low,Night,Bike,23.710398160061867,5.565151598599594,78.96521752870798,1.7772475070029836
684,13.54,Foggy,Low,Morning,Bike,11.621785214018562,1.1488217860555787,54.178730635076384,1.472124052314565
99,1.0,Snowy,Medium,Morning,Bike,25.57422169784711,4.399121527873211,45.09515253473695,1.3430584877024074
805,8.77,Clear,Medium,Morning,Car,12.992547690045424,2.8786072915892063,42.66868275876513,1.3064253941004842
728,16.01,Windy,Low,Morning,Car,28.84293088608357,0.1712614051407098,84.0339066761092,1.8334001928232604
574,12.63,Foggy,Medium,Night,Scooter,8.544379351549265,9.049552003551188,49.242900280728044,1.4034657143048141
407,8.09,Foggy,Low,Evening,Car,23.423233987571535,2.431868253649378,56.12878298547554,1.498382901470456
503,6.54,Clear,Medium,Night,Bike,11.000552486609974,7.803894899613572,39.67811850591305,1.259811390739313
48,10.64,Clear,Medium,Afternoon,Scooter,14.528422763457522,5.6706749819411515,45.43695226452954,1.3481387504931315
33,1.77,Clear,Medium,Evening,Bike,14.024338573243767,9.209385701779999,22.33695091466803,0.9452396715049158
780,13.0,Foggy,Low,Evening,Bike,25.340954378483666,7.372182281256722,77.32809186639871,1.7587278569056524
840,12.83,Clear,Low,Evening,Bike,5.1175232421100825,8.457689708093831,50.52990687615664,1.421687826158143
201,13.02,Snowy,High,Afternoon,Car,6.464603025517902,9.117075842805736,66.3595448533219,1.6292273610926367
135,18.89,Rainy,Medium,Morning,Scooter,22.20478909786396,1.3546267561663188,74.47309854724908,1.7259559501592048
28,10.53,Foggy,High,Evening,Bike,25.455016894685365,8.56073261608383,72.78763761862847,1.7063134251201153
881,5.01,Rainy,Low,Afternoon,Bike,10.456565517797609,5.99720655348938,31.290397128472637,1.1187564011610864
231,16.0,Foggy,Medium,Afternoon,Scooter,13.550553479070254,3.163792297678676,65.01288762635498,1.61261139306846
490,17.86,Clear,Low,Afternoon,Scooter,16.470231251263375,8.103605174937956,83.60345480083708,1.8286984967548598
773,2.99,Foggy,High,Afternoon,Bike,9.174071862130758,5.248138441966325,90.68445248140716,1.9045676935347524
379,16.38,Clear,Medium,Morning,Bike,6.26581319476733,3.1635275380561785,51.137164707799705,1.4302050861019857
289,6.09,Clear,Medium,Night,Bike,7.045478460308935,4.362934132224095,27.192547959270243,1.0429294886859848
419,13.61,Clear,Low,Morning,Bike,26.736594190754854,0.08105193234370124,66.5048006952992,1.631009511870476
675,8.5,Snowy,High,Evening,Bike,14.483412106429528,7.17912273481491,56.53316440880795,1.5037707858421503
392,8.55,Clear,Low,Evening,Scooter,28.081630864992274,8.907093405116632,46.599241252012725,1.365272738349561
593,4.05,Clear,Medium,Afternoon,Scooter,21.10295332163347,5.781072318526325,39.35685878904465,1.2547009012357433
499,19.5,Clear,High,Morning,Bike,18.259731883086552,2.4555586068349093,73.62295515133515,1.716076398664525
63,16.66,Snowy,High,Afternoon,Scooter,29.322952002089256,7.181019635359488,95.76313378066075,1.9571727954440892
472,19.41,Snowy,High,Evening,Car,21.408534138532243,3.825395964029423,100.00978684001586,2.0000978660057203
648,13.74,Foggy,Medium,Afternoon,Bike,6.037380279203093,1.4341739929014978,56.03959553195957,1.4971919787650423
129,0.64,Clear,High,Night,Bike,10.363381391623578,4.050727152357304,24.43276301697202,0.9885901682086875
977,12.1,Clear,High,Afternoon,Bike,11.034794150206311,0.43589489425985456,53.724353228663766,1.4659379690650456
521,12.09,Clear,Medium,Morning,Car,13.358996231628776,1.4518812319658112,60.54580937954596,1.5562237548571987
839,11.82,Windy,Medium,Night,Bike,24.543480023786035,7.757024137578213,77.18125550732097,1.757057261529299
963,5.28,Foggy,Low,Morning,Bike,27.34413987414007,6.064918539485724,54.44367004839938,1.4757190796137236
65,5.98,Clear,Low,Evening,Car,22.638240490218855,9.534934549700727,36.36209175703325,1.2060197636362888
813,2.93,Clear,Medium,Morning,Bike,24.032702895949978,8.13736656829055,94.16901205579994,1.9408143863419802
15,4.05,Snowy,Medium,Evening,Scooter,19.756449392785548,2.0969657239813273,50.894186043000076,1.4268032245968618
493,5.91,Clear,Medium,Evening,Scooter,29.848025441957443,4.404161154398905,57.55052169006955,1.5172412028424427
380,6.0,Rainy,Medium,Evening,Scooter,21.519797850549022,2.397933781650827,47.5353612888994,1.3789178552604127
188,11.33,Clear,Medium,Afternoon,Scooter,29.842024322587157,7.951982899501116,77.3313133376531,1.758764490631456
764,15.01,Clear,Medium,Morning,Bike,15.206362299003509,6.981508875796361,64.31853672696045,1.6039767670008247
217,6.85,Clear,High,Morning,Bike,16.678929673798933,6.092058901679615,48.27341600619958,1.3895814622568852
792,11.93,Snowy,High,Morning,Car,7.532082453861689,1.5489748913500168,75.09730371496818,1.733174009901697
53,18.82,Windy,Low,Morning,Car,5.643067480383353,4.058860373302306,77.15049913814123,1.7567071370964624
879,1.03,Clear,Medium,Afternoon,Bike,19.109381372437067,4.529534319124057,29.975363877688505,1.0949952306323258
720,14.75,Clear,Low,Morning,Car,10.016504198391935,7.455271795703471,62.000701762476766,1.5748104871695103
725,11.7,Rainy,Low,Afternoon,Bike,17.432891866438126,5.832547562389602,61.151374638384105,1.563986887903912
296,10.68,Clear,Low,Morning,Bike,14.020522238423283,1.1991102058583303,42.620646093538376,1.3056897961390121
702,1.51,Clear,High,Evening,Bike,27.16269997933621,1.03482139666263,44.50395816420578,1.334225740483308
252,8.01,Clear,High,Morning,Bike,8.357177966272104,7.138234086110337,48.43965846352295,1.3919721040814426
727,3.23,Rainy,Low,Morning,Car,25.305864972177016,7.505970306325599,42.549481357535306,1.3045992696232098
462,13.16,Rainy,High,Morning,Scooter,25.081104456159167,8.221038299594635,68.51796316592326,1.6555115604057045
456,10.11,Windy,Low,Morning,Bike,11.76820826544297,4.731450970492097,44.43037365653875,1.333122254806944
997,18.39,Windy,Low,Afternoon,Bike,24.297801650658865,6.301887276066508,74.6345458693778,1.727825753591812
816,10.62,Windy,Medium,Afternoon,Car,22.35960240323819,5.299813511965865,54.15028087360059,1.4717374884618601
270,6.23,Clear,Medium,Evening,Car,20.43613435172339,1.6897951342421087,51.66693688694223,1.4375943362011725
202,2.14,Clear,Low,Afternoon,Bike,25.719739131522807,1.2174902285801568,36.86693493180993,1.214362959445156
162,12.83,Clear,Medium,Morning,Bike,19.96079220257315,2.747679036319421,76.33873250948177,1.747440785943624
556,8.37,Clear,High,Evening,Scooter,14.130046302689337,7.409205818620465,42.33311250379273,1.3012780256930911
730,3.69,Rainy,Medium,Afternoon,Bike,9.041484150508001,8.732065738462987,27.90416232185382,1.0564878100925505
402,18.1,Clear,Low,Morning,Scooter,8.382061816310346,5.261247744713755,77.38038477208767,1.7593224237994318
703,7.06,Clear,Low,Afternoon,Scooter,26.266341833379894,5.293015808153717,51.033109838265204,1.428749240955392
477,1.94,Foggy,Low,Night,Bike,10.437925083178241,1.9001936451672532,25.69170190957729,1.0137396492113209
822,0.59,Clear,Low,Afternoon,Bike,22.023337184538438,0.2868972817387001,27.050003198763157,1.0401923514189702
772,17.01,Snowy,Low,Night,Bike,28.669652038837157,6.688972434705192,97.91376888314548,1.979027729802142
106,5.36,Clear,Low,Afternoon,Scooter,11.420799612241177,4.250424001913384,31.08674272120499,1.11510972951015
566,12.0,Clear,Low,Evening,Car,25.71365426996947,0.7349399795260576,75.74259417663686,1.7406044257859035
390,16.23,Clear,Medium,Evening,Bike,6.837039147334783,0.30788490569043814,54.597329959213106,1.47780012125068
2,19.04,Rainy,Low,Evening,Car,12.419306629702524,6.172178988400394,60.72303737451885,1.5584997577737234
938,18.33,Foggy,Medium,Morning,Scooter,19.718504652212058,0.4222551925813455,98.53818382892106,1.985328021551311
983,2.58,Clear,Medium,Morning,Scooter,25.040899440624628,7.235307885877947,37.10726944750994,1.21831472859044
562,4.65,Clear,Medium,Evening,Bike,21.654013252533442,1.0700921823599325,46.73384609738184,1.3672431546346369
81,17.33,Snowy,Low,Evening,Scooter,12.744339976830355,3.699308567119183,79.82414769563337,1.7868872118366441
206,0.68,Snowy,High,Evening,Bike,29.56728698410016,8.394149001329025,50.57082049842283,1.4222632737777186
35,19.33,Clear,Medium,Morning,Bike,7.973876222979007,8.065043930377806,73.65517472049712,1.716451860326961
776,3.42,Clear,Medium,Night,Car,11.61990886740892,9.002431843150964,24.897894002070725,0.9979557906454719
509,19.02,Rainy,High,Evening,Scooter,22.507525333967546,1.6677296658883836,106.65642985619984,2.065491998107955
428,17.81,Windy,High,Evening,Bike,21.431361953735223,4.836372649447123,122.17567637797835,2.2106621304756486
455,2.67,Clear,Medium,Night,Car,17.259075267615238,6.845729684625323,28.004165249796557,1.0583792373208492
898,17.98,Clear,Low,Evening,Bike,5.394568416497636,8.16699550263069,45.326530098446675,1.3464996115624643
565,7.34,Foggy,Medium,Afternoon,Bike,22.390639054595038,5.110174811448412,93.82031279024442,1.9372177243690958
346,12.51,Clear,Medium,Evening,Bike,18.320780676606656,5.311227088857505,62.990950495447876,1.587336769503534
777,4.97,Rainy,Low,Evening,Bike,17.5650837617907,9.5435863255567,34.5212422238144,1.1750956084304698
242,19.1,Snowy,Low,Afternoon,Bike,18.786656499876887,1.5030371368423543,101.33188937957667,2.0132748384617205
14,4.64,Clear,Low,Afternoon,Bike,15.495492976517275,9.239400002926878,24.64790434883574,0.9929331165559087
316,14.07,Rainy,Low,Evening,Bike,10.813713685615891,5.394246066271854,63.226293317516365,1.5902992588505647
601,3.79,Clear,Medium,Morning,Bike,14.081392932788317,2.078923429804764,34.44092581943044,1.1737278359045669
274,18.31,Clear,Medium,Afternoon,Bike,25.29678147979634,3.832220918255408,80.24252637407061,1.7915638573500037
167,6.76,Foggy,Medium,Night,Bike,7.661261341132554,7.146621301039936,42.302889725131216,1.3008134335888635
841,0.76,Clear,Low,Afternoon,Car,26.288827989110246,9.616135566145159,28.643182087052605,1.0703865112575477
993,5.81,Rainy,Medium,Evening,Bike,14.010843983779015,9.154993777672589,41.353931792041166,1.286140455658575
647,12.08,Clear,High,Afternoon,Scooter,16.81454331627634,4.49540108797045,60.87078866655618,1.5603946765681584
819,1.57,Rainy,Low,Evening,Car,16.446015080020622,1.3136863950823137,30.009088043238705,1.095611026655696
485,11.89,Clear,Medium,Afternoon,Bike,28.525144527777666,0.506006742922475,79.67053726466364,1.7851670763787197
981,7.02,Clear,Medium,Evening,Car,23.18187345189929,2.5490312739966865,54.129836676417256,1.471459638269664
505,13.85,Clear,Low,Evening,Bike,29.29902170326577,5.63642882787964,71.62404328555441,1.6926197834783148
832,9.32,Rainy,Medium,Evening,Scooter,24.53899689916412,2.8119144893082932,71.54582045480518,1.6916952497989133
244,7.72,Foggy,High,Evening,Bike,19.202842675094676,4.3295540428904715,64.44266899711691,1.6055238272553531
567,8.15,Rainy,Low,Afternoon,Bike,26.336774304007413,2.587236266486008,50.54841435058089,1.421948161510551
876,3.54,Rainy,Medium,Afternoon,Scooter,17.21345019420004,4.6944824804772445,41.09879920057242,1.2821669033409409
687,11.65,Windy,Low,Night,Bike,10.221831820387322,3.3334767381531445,53.67107147603668,1.4652108582185253
783,5.41,Clear,High,Morning,Scooter,17.93167748276579,6.726842049704366,38.308969007005864,1.2378847928140304
700,9.88,Rainy,Medium,Morning,Car,7.828845620025795,0.23599279679403162,43.6304078538398,1.3210663549396724
476,19.86,Rainy,High,Evening,Bike,12.65817062870674,9.113299560837769,71.50954903996937,1.6912663780725894
682,5.53,Windy,High,Morning,Bike,23.810769360538146,4.7461939922440735,59.95534250991415,1.548616705449275
511,12.46,Foggy,Low,Afternoon,Bike,10.30905754068675,1.9819717058255333,62.432710577685924,1.5802874495190542
59,1.38,Clear,Medium,Morning,Car,6.60506463739825,3.422311486040002,17.037264106693932,0.8255244177295771
475,10.79,Clear,Medium,Evening,Scooter,24.45507526473435,1.6504180004763254,65.93416428953142,1.6239970971591227
561,14.23,Clear,Medium,Afternoon,Scooter,23.341072462629054,7.068153776885928,71.01655302615919,1.6854263914648921
857,1.21,Snowy,Low,Afternoon,Bike,22.553045579858967,1.3898879632720669,39.21159254672905,1.2523832088738505
748,11.1,Clear,Low,Afternoon,Bike,18.147323153711053,7.094759071681071,56.64944982820409,1.5053165757169367
253,17.1,Clear,Medium,Evening,Bike,25.159132341672336,5.607127318659882,66.14278141291399,1.6265642491203842
22,3.22,Clear,Medium,Afternoon,Bike,19.135476970203555,9.517706233635469,32.160284785607686,1.1342007720965046
314,19.27,Foggy,Medium,Morning,Car,29.762355597585767,10.204057329729034,85.47971215637068,1.8491047796852476
460,2.82,Rainy,Medium,Evening,Scooter,10.710563453332712,1.7539788218281207,29.5999321897339,1.0881163943206427
161,7.67,Foggy,Medium,Afternoon,Scooter,22.82051120764294,8.138001193545017,59.6391138591308,1.5445272915572688
277,16.07,Clear,Medium,Evening,Bike,17.0395047536969,5.420111895107804,64.50513891236028,1.6063018260882391
956,7.97,Windy,Medium,Evening,Scooter,9.72062698270817,8.95691450119476,35.07544139469939,1.184490462514568
386,16.17,Clear,Medium,Evening,Scooter,12.918463334245134,2.088404832291473,78.50736237217404,1.7720876092583464
492,12.59,Clear,Low,Evening,Scooter,10.675095841069556,2.8439544698116643,39.54198825654166,1.2576484128172174
770,16.51,Clear,Medium,Morning,Bike,7.716630536290131,1.2241323178227281,80.12556208366595,1.7902576583683807
309,16.01,Clear,Low,Afternoon,Car,12.995684064476324,4.439457149418851,72.60833301371461,1.7042104683836983
662,19.74,Rainy,High,Afternoon,Scooter,11.341513970393043,7.537682330971299,81.45714204607717,1.8050722095924823
131,8.64,Snowy,Low,Evening,Bike,29.183247133352705,4.78544053577977,62.34524593070972,1.579180115511967
664,5.13,Clear,Medium,Morning,Car,16.233284509637212,1.420044587377503,38.643082118856995,1.2432712032192654
872,5.78,Clear,High,Morning,Bike,11.729586597964106,5.55673731804141,38.88335897132155,1.2471304498138365
100,2.6,Clear,Low,Afternoon,Bike,16.365617522388018,1.8921611947733656,29.496167936705504,1.0862074928245617
373,2.34,Foggy,Medium,Morning,Bike,8.235222952205826,2.6250477544669493,28.663091750671974,1.0707584555009964
88,12.93,Clear,Medium,Morning,Scooter,21.01191317744612,8.506232763845443,58.7737073062241,1.5332802393068803
459,1.6,Clear,Medium,Evening,Bike,14.05546475829821,8.233069225722359,24.34323812836522,0.9867773432414269
122,17.97,Windy,Medium,Morning,Scooter,29.18974407512647,7.4590710029496385,92.32174077856138,1.9216840612188193
615,17.53,Clear,Low,Afternoon,Bike,14.638328682114238,6.395915551235691,79.76507129884196,1.7862258681235357
21,12.43,Rainy,High,Morning,Bike,13.50853375233902,6.470852615130703,70.34511207785226,1.677439859760728
701,10.89,Windy,Medium,Evening,Bike,7.7905741808819435,0.5288586621534448,58.540761536622355,1.5302386942777568
72,4.37,Clear,Medium,Evening,Scooter,6.067546403956369,7.180430412108792,25.64219442902094,1.0127624485341256
107,8.5,Clear,High,Evening,Car,13.801545346288393,3.2023449466542586,54.624383326410495,1.4781662061677707
271,16.28,Rainy,Low,Morning,Scooter,8.47939342806285,9.047866176995386,71.70545466115821,1.6935814673189857
861,15.62,Snowy,High,Evening,Scooter,27.11749151425367,2.239800011891564,81.68870142537412,1.807636041080993
436,14.17,Clear,Low,Afternoon,Bike,8.677460077959406,0.5062930878780375,55.18252018345348,1.485698760630209
103,6.63,Foggy,Low,Night,Scooter,25.25310853516713,3.0729721669915357,58.25988037282596,1.5265632037072814
